{"stats":{"minecraft:killed":{"naturalist:butterfly":1,"minecraft:spider":3,"minecraft:sheep":12,"minecraft:skeleton":7,"minecraft:zombie":4,"minecraft:chicken":2},"minecraft:killed_by":{"minecraft:skeleton":6,"minecraft:zombie":1},"minecraft:custom":{"minecraft:mob_kills":30,"minecraft:interact_with_crafting_table":6,"minecraft:leave_game":2,"minecraft:time_since_death":10054,"minecraft:sleep_in_bed":1,"minecraft:time_since_rest":1509,"minecraft:sprint_one_cm":202956,"minecraft:damage_absorbed":691,"minecraft:damage_taken":3672,"minecraft:walk_one_cm":149315,"minecraft:damage_blocked_by_shield":18,"minecraft:drop":23,"minecraft:damage_dealt":4067,"minecraft:fly_one_cm":123473,"minecraft:player_kills":1,"minecraft:open_chest":1,"minecraft:crouch_one_cm":3600,"minecraft:play_time":78337,"minecraft:deaths":7,"minecraft:sneak_time":1651,"minecraft:walk_under_water_one_cm":25,"minecraft:jump":989,"minecraft:walk_on_water_one_cm":1997,"minecraft:total_world_time":78337,"minecraft:fall_one_cm":42624,"minecraft:horse_one_cm":204215},"minecraft:used":{"simplyswords:diamond_katana":4,"minecraft:flint_and_steel":71,"minecraft:cherry_planks":15,"minecraft:diamond_axe":298,"minecraft:horse_spawn_egg":1,"minecraft:golden_apple":27,"minecraft:dirt":37,"justhammers:diamond_hammer":46,"minecraft:crafting_table":2,"simplyswords:diamond_claymore":75,"minecraft:white_bed":2,"minecraft:oak_log":1,"minecraft:diamond_pickaxe":93,"minecraft:diamond_shovel":311,"spartanshields:diamond_tower_shield":2,"minecraft:cobblestone":12},"minecraft:mined":{"minecraft:cherry_planks":4,"minecraft:cherry_log":215,"minecraft:grass_block":14,"minecraft:poppy":1,"minecraft:tall_grass":6,"minecraft:cobblestone":4,"minecraft:pink_petals":3,"minecraft:birch_log":5,"minecraft:fire":86,"minecraft:peony":1,"minecraft:grass":14,"minecraft:oak_log":5,"minecraft:coal_ore":11,"minecraft:cherry_leaves":32,"minecraft:gravel":17,"minecraft:dirt":305,"minecraft:stone":75,"minecraft:oak_leaves":13},"minecraft:picked_up":{"minecraft:birch_log":5,"minecraft:pink_petals":22,"minecraft:crafting_table":1,"minecraft:feather":1,"minecraft:chicken":2,"packedup:basicbackpack":1,"simplyswords:diamond_katana":1,"minecraft:leather":2,"minecraft:flint":6,"minecraft:oak_log":5,"minecraft:dirt":298,"minecraft:string":2,"immersive_melodies:lute":1,"minecraft:name_tag":1,"minecraft:bone":5,"minecraft:wheat_seeds":11,"minecraft:diamond_leggings":1,"minecraft:iron_ingot":64,"spartanshields:diamond_tower_shield":1,"minecraft:poppy":1,"minecraft:diamond_helmet":1,"minecraft:light_gray_wool":6,"minecraft:chest":1,"minecraft:phantom_membrane":1,"minecraft:torch":64,"minecraft:gravel":50,"minecraft:cherry_log":203,"minecraft:iron_horse_armor":1,"minecraft:spider_eye":1,"simplyswords:diamond_claymore":1,"minecraft:arrow":2,"minecraft:rotten_flesh":4,"minecraft:diamond_chestplate":1,"minecraft:diamond":11,"minecraft:peony":3,"minecraft:diamond_boots":1,"minecraft:diamond_axe":1,"minecraft:cherry_sapling":1,"minecraft:bread":64,"minecraft:golden_apple":32,"minecraft:saddle":1,"minecraft:horse_spawn_egg":1,"minecraft:gold_ingot":64,"minecraft:mutton":13,"minecraft:coal":9,"minecraft:white_wool":10,"minecraft:cobblestone":478,"minecraft:diamond_pickaxe":1},"minecraft:dropped":{"minecraft:wheat_seeds":2,"minecraft:crafting_table":1,"minecraft:cherry_sapling":1,"minecraft:feather":1,"minecraft:cobblestone":4,"minecraft:rotten_flesh":2,"minecraft:light_gray_wool":4,"minecraft:peony":2,"minecraft:cherry_planks":754,"minecraft:pink_petals":13},"minecraft:crafted":{"minecraft:cherry_planks":812,"minecraft:oak_planks":8,"minecraft:crafting_table":2,"minecraft:diamond_shovel":1,"minecraft:flint_and_steel":2,"minecraft:stick":12,"justhammers:diamond_hammer":1,"minecraft:white_bed":2},"minecraft:broken":{"minecraft:flint_and_steel":1}},"DataVersion":3465}