{"stats":{"minecraft:killed_by":{"minecraft:skeleton":1},"minecraft:used":{"minecraft:oak_log":1,"minecraft:diamond_pickaxe":5,"simplyswords:diamond_katana":2,"minecraft:diamond_axe":13,"minecraft:horse_spawn_egg":1,"minecraft:golden_apple":8,"minecraft:dirt":1,"simplyswords:diamond_claymore":39},"minecraft:killed":{"minecraft:sheep":12,"minecraft:skeleton":1,"minecraft:chicken":2},"minecraft:custom":{"minecraft:time_since_rest":889,"minecraft:walk_one_cm":25270,"minecraft:sprint_one_cm":52336,"minecraft:damage_taken":784,"minecraft:damage_absorbed":161,"minecraft:mob_kills":15,"minecraft:damage_dealt":1395,"minecraft:fly_one_cm":38910,"minecraft:open_chest":1,"minecraft:crouch_one_cm":118,"minecraft:play_time":17468,"minecraft:deaths":1,"minecraft:sneak_time":26,"minecraft:walk_under_water_one_cm":25,"minecraft:jump":228,"minecraft:walk_on_water_one_cm":1997,"minecraft:time_since_death":816,"minecraft:total_world_time":17468,"minecraft:fall_one_cm":13781,"minecraft:horse_one_cm":204215},"minecraft:picked_up":{"minecraft:birch_log":5,"minecraft:feather":1,"minecraft:chicken":2,"packedup:basicbackpack":1,"simplyswords:diamond_katana":1,"minecraft:leather":2,"minecraft:torch":64,"minecraft:oak_log":5,"minecraft:iron_horse_armor":1,"minecraft:dirt":2,"immersive_melodies:lute":1,"minecraft:name_tag":1,"simplyswords:diamond_claymore":1,"minecraft:diamond_chestplate":1,"minecraft:diamond":11,"minecraft:wheat_seeds":1,"minecraft:diamond_leggings":1,"minecraft:diamond_boots":1,"minecraft:iron_ingot":64,"minecraft:diamond_axe":1,"spartanshields:diamond_tower_shield":1,"minecraft:saddle":1,"minecraft:horse_spawn_egg":1,"minecraft:golden_apple":32,"minecraft:gold_ingot":64,"minecraft:bread":64,"minecraft:diamond_helmet":1,"minecraft:light_gray_wool":2,"minecraft:chest":1,"minecraft:mutton":13,"minecraft:white_wool":10,"minecraft:cobblestone":4,"minecraft:diamond_pickaxe":1},"minecraft:mined":{"minecraft:birch_log":5,"minecraft:grass_block":2,"minecraft:oak_log":5,"minecraft:dirt":1,"minecraft:stone":5,"minecraft:oak_leaves":13}},"DataVersion":3465}