{"stats":{"minecraft:custom":{"minecraft:mob_kills":60,"minecraft:interact_with_crafting_table":14,"minecraft:leave_game":4,"minecraft:time_since_death":36932,"minecraft:climb_one_cm":648,"minecraft:sprint_one_cm":468448,"minecraft:walk_one_cm":359805,"minecraft:damage_blocked_by_shield":18,"minecraft:drop":106,"minecraft:play_time":249936,"minecraft:deaths":17,"minecraft:sneak_time":11616,"minecraft:walk_under_water_one_cm":7161,"minecraft:jump":2609,"minecraft:walk_on_water_one_cm":7121,"minecraft:total_world_time":249936,"minecraft:interact_with_furnace":5,"minecraft:sleep_in_bed":6,"minecraft:time_since_rest":36973,"minecraft:waystone_activated":1,"minecraft:damage_taken":9334,"minecraft:damage_absorbed":791,"minecraft:damage_dealt":10154,"minecraft:swim_one_cm":4212,"minecraft:fly_one_cm":370499,"minecraft:player_kills":2,"minecraft:open_chest":24,"minecraft:crouch_one_cm":24747,"minecraft:fall_one_cm":134000,"minecraft:horse_one_cm":204215},"minecraft:killed_by":{"minecraft:stray":1,"minecraft:creeper":1,"quark:forgotten":1,"minecraft:skeleton":8,"minecraft:zombie":2},"minecraft:picked_up":{"minecraft:crafting_table":1,"minecraft:chicken":2,"packedup:basicbackpack":1,"simplyswords:diamond_katana":1,"minecraft:lead":2,"minecraft:string":7,"immersive_melodies:lute":1,"minecraft:raw_copper":35,"minecraft:iron_shovel":1,"minecraft:blackstone":90,"minecraft:diamond_leggings":1,"minecraft:cobbled_deepslate":32,"minecraft:white_tulip":1,"spartanshields:diamond_tower_shield":1,"minecraft:poppy":1,"minecraft:light_gray_wool":6,"hangglider:hang_glider":1,"minecraft:chest":1,"minecraft:phantom_membrane":1,"minecraft:stick":4,"minecraft:raw_iron":18,"minecraft:torch":65,"minecraft:cherry_log":310,"minecraft:redstone":9,"minecraft:iron_horse_armor":1,"minecraft:diamond_chestplate":1,"minecraft:arrow":6,"minecraft:rotten_flesh":11,"minecraft:peony":5,"minecraft:diamond_boots":1,"minecraft:saddle":1,"minecraft:gold_ingot":64,"minecraft:mutton":13,"minecraft:white_wool":10,"minecraft:cobblestone":1787,"minecraft:birch_log":5,"minecraft:pink_petals":23,"minecraft:feather":1,"minecraft:andesite":971,"minecraft:leather":3,"minecraft:potato":1,"minecraft:flint":7,"minecraft:oak_log":8,"minecraft:lapis_lazuli":25,"minecraft:dirt":546,"minecraft:name_tag":1,"minecraft:bone":9,"minecraft:wheat_seeds":15,"minecraft:iron_ingot":64,"minecraft:diamond_helmet":1,"minecraft:smooth_basalt":3,"minecraft:dandelion":1,"minecraft:gravel":59,"minecraft:white_bed":3,"justhammers:diamond_hammer":2,"minecraft:spider_eye":2,"simplyswords:diamond_claymore":1,"minecraft:diamond":23,"minecraft:diamond_axe":1,"minecraft:cherry_sapling":2,"minecraft:golden_apple":34,"minecraft:horse_spawn_egg":1,"minecraft:emerald":1,"minecraft:bread":109,"minecraft:coal":246,"minecraft:diamond_pickaxe":1},"minecraft:used":{"minecraft:cherry_sapling":1,"minecraft:flint_and_steel":71,"minecraft:cooked_chicken":2,"minecraft:stick":1,"minecraft:torch":5,"minecraft:dirt":227,"simplyswords:diamond_katana":16,"minecraft:cherry_planks":27,"minecraft:diamond_axe":449,"minecraft:horse_spawn_egg":1,"minecraft:golden_apple":32,"minecraft:crafting_table":2,"justhammers:diamond_hammer":511,"simplyswords:diamond_claymore":153,"minecraft:white_bed":5,"minecraft:oak_log":1,"minecraft:diamond_pickaxe":221,"minecraft:diamond_shovel":643,"minecraft:bread":45,"spartanshields:diamond_tower_shield":2,"minecraft:pink_petals":9,"minecraft:cobblestone":85,"supplementaries:checker_block":4},"minecraft:killed":{"minecraft:spider":9,"minecraft:skeleton":12,"minecraft:bee":2,"minecraft:chicken":2,"naturalist:butterfly":1,"minecraft:sheep":12,"minecraft:zombie":20},"minecraft:broken":{"minecraft:flint_and_steel":1},"minecraft:crafted":{"minecraft:cherry_planks":840,"minecraft:oak_planks":20,"minecraft:cooked_chicken":2,"minecraft:diamond_shovel":1,"minecraft:flint_and_steel":2,"justhammers:diamond_hammer":2,"minecraft:crafting_table":2,"supplementaries:checker_block":4,"minecraft:air":0,"minecraft:diamond_pickaxe":1,"minecraft:stick":20,"minecraft:white_bed":2,"minecraft:torch":4},"minecraft:mined":{"minecraft:white_bed":1,"minecraft:deepslate_diamond_ore":2,"minecraft:cherry_log":339,"minecraft:grass_block":83,"minecraft:iron_ore":5,"minecraft:fire":86,"minecraft:azure_bluet":1,"minecraft:peony":3,"minecraft:dirt_path":1,"minecraft:white_tulip":1,"minecraft:stone":162,"minecraft:glass_pane":2,"minecraft:cherry_planks":4,"minecraft:blackstone":5,"minecraft:poppy":1,"minecraft:tall_grass":12,"minecraft:cobblestone":7,"minecraft:pink_petals":4,"minecraft:birch_log":5,"minecraft:bee_nest":1,"minecraft:grass":26,"minecraft:oak_log":5,"minecraft:coal_ore":35,"minecraft:cherry_leaves":47,"minecraft:gravel":26,"minecraft:dirt":610,"minecraft:smooth_basalt":1,"minecraft:oak_leaves":13,"minecraft:deepslate":6},"minecraft:dropped":{"justhammers:diamond_hammer":1,"minecraft:wheat_seeds":13,"minecraft:cherry_log":7,"minecraft:oak_log":2,"minecraft:crafting_table":1,"minecraft:feather":1,"minecraft:cobblestone":1518,"minecraft:leather":3,"minecraft:coal":253,"minecraft:stick":1,"minecraft:dirt":411,"minecraft:cherry_planks":755,"minecraft:phantom_membrane":1,"minecraft:string":5,"minecraft:pink_petals":13,"minecraft:dandelion":1,"minecraft:bone":9,"minecraft:smooth_basalt":3,"minecraft:gravel":56,"minecraft:blackstone":49,"minecraft:cobbled_deepslate":31,"minecraft:raw_copper":23,"minecraft:cherry_sapling":1,"minecraft:rotten_flesh":10,"minecraft:light_gray_wool":6,"minecraft:poppy":1,"minecraft:peony":3,"minecraft:diamond_pickaxe":1,"minecraft:andesite":970,"minecraft:spider_eye":1}},"DataVersion":3465}