{"stats":{"minecraft:custom":{"minecraft:mob_kills":62,"minecraft:interact_with_crafting_table":23,"minecraft:leave_game":4,"minecraft:time_since_death":54932,"minecraft:climb_one_cm":648,"minecraft:sprint_one_cm":518764,"minecraft:walk_one_cm":390923,"minecraft:damage_blocked_by_shield":18,"minecraft:drop":111,"minecraft:play_time":267936,"minecraft:deaths":17,"minecraft:sneak_time":11616,"minecraft:walk_under_water_one_cm":7161,"minecraft:jump":2803,"minecraft:interact_with_blast_furnace":6,"minecraft:walk_on_water_one_cm":7121,"minecraft:total_world_time":267936,"minecraft:interact_with_furnace":7,"minecraft:sleep_in_bed":6,"minecraft:time_since_rest":54973,"minecraft:waystone_activated":1,"minecraft:damage_taken":9693,"minecraft:damage_absorbed":791,"minecraft:damage_dealt":10554,"minecraft:swim_one_cm":4212,"minecraft:fly_one_cm":403039,"minecraft:player_kills":2,"minecraft:open_chest":40,"minecraft:crouch_one_cm":24747,"minecraft:interact_with_smoker":3,"minecraft:fall_one_cm":142095,"minecraft:horse_one_cm":204215},"minecraft:killed_by":{"minecraft:stray":1,"minecraft:creeper":1,"quark:forgotten":1,"minecraft:skeleton":8,"minecraft:zombie":2},"minecraft:picked_up":{"minecraft:crafting_table":1,"minecraft:chicken":2,"packedup:basicbackpack":1,"simplyswords:diamond_katana":1,"minecraft:lead":2,"minecraft:string":7,"immersive_melodies:lute":1,"minecraft:raw_copper":45,"minecraft:iron_shovel":1,"minecraft:blackstone":90,"minecraft:diamond_leggings":1,"minecraft:cobbled_deepslate":32,"minecraft:white_tulip":1,"spartanshields:diamond_tower_shield":1,"minecraft:calcite":61,"minecraft:poppy":1,"minecraft:light_gray_wool":6,"hangglider:hang_glider":1,"minecraft:chest":1,"minecraft:phantom_membrane":1,"minecraft:stick":4,"minecraft:raw_iron":18,"minecraft:cherry_stairs":9,"minecraft:torch":67,"minecraft:cherry_log":529,"minecraft:redstone":9,"minecraft:iron_horse_armor":1,"minecraft:diamond_chestplate":1,"minecraft:arrow":6,"minecraft:rotten_flesh":16,"minecraft:peony":6,"minecraft:diamond_boots":1,"minecraft:saddle":1,"minecraft:gold_ingot":64,"minecraft:mutton":13,"minecraft:white_wool":10,"minecraft:cobblestone":1854,"minecraft:birch_log":5,"minecraft:pink_petals":23,"minecraft:feather":1,"minecraft:cooked_beef":4,"minecraft:andesite":1019,"minecraft:leather":4,"minecraft:potato":1,"minecraft:flint":7,"minecraft:oak_log":8,"minecraft:lapis_lazuli":25,"minecraft:dirt":547,"minecraft:name_tag":1,"minecraft:bone":9,"minecraft:wheat_seeds":15,"minecraft:iron_ingot":64,"minecraft:diamond_helmet":1,"minecraft:smooth_basalt":3,"minecraft:dandelion":1,"minecraft:gravel":59,"minecraft:white_bed":3,"justhammers:diamond_hammer":2,"minecraft:spider_eye":2,"simplyswords:diamond_claymore":1,"minecraft:diamond":23,"minecraft:diamond_axe":1,"minecraft:cherry_sapling":3,"minecraft:golden_apple":34,"minecraft:horse_spawn_egg":1,"minecraft:emerald":1,"minecraft:bread":109,"minecraft:coal":249,"minecraft:diamond_pickaxe":1},"minecraft:used":{"minecraft:cherry_sapling":1,"minecraft:flint_and_steel":73,"minecraft:cooked_chicken":2,"minecraft:stick":1,"minecraft:torch":6,"minecraft:dirt":228,"simplyswords:diamond_katana":16,"minecraft:cherry_planks":35,"minecraft:diamond_axe":539,"minecraft:horse_spawn_egg":1,"minecraft:golden_apple":32,"minecraft:crafting_table":2,"justhammers:diamond_hammer":545,"simplyswords:diamond_claymore":159,"minecraft:white_bed":5,"minecraft:oak_log":1,"minecraft:diamond_pickaxe":223,"minecraft:diamond_shovel":643,"minecraft:bread":53,"spartanshields:diamond_tower_shield":2,"minecraft:pink_petals":9,"minecraft:cherry_stairs":46,"minecraft:cobblestone":85,"supplementaries:checker_block":4},"minecraft:killed":{"minecraft:spider":9,"minecraft:skeleton":12,"minecraft:bee":2,"minecraft:chicken":2,"naturalist:butterfly":1,"minecraft:sheep":12,"minecraft:zombie":22},"minecraft:broken":{"minecraft:flint_and_steel":1},"minecraft:crafted":{"minecraft:cherry_planks":1096,"minecraft:oak_planks":20,"minecraft:cooked_chicken":2,"minecraft:diamond_shovel":1,"minecraft:flint_and_steel":2,"minecraft:cherry_stairs":96,"justhammers:diamond_hammer":2,"packedup:copperbackpack":1,"packedup:diamondbackpack":1,"minecraft:crafting_table":2,"minecraft:copper_ingot":10,"supplementaries:checker_block":4,"minecraft:air":0,"minecraft:diamond_pickaxe":1,"minecraft:stick":20,"minecraft:white_bed":2,"packedup:goldbackpack":1,"minecraft:torch":4},"minecraft:mined":{"minecraft:white_bed":1,"minecraft:deepslate_diamond_ore":2,"minecraft:cherry_log":410,"minecraft:grass_block":84,"minecraft:iron_ore":5,"minecraft:fire":87,"minecraft:andesite":2,"minecraft:azure_bluet":1,"minecraft:peony":4,"minecraft:dirt_path":1,"minecraft:white_tulip":1,"minecraft:stone":162,"minecraft:cherry_stairs":9,"minecraft:glass_pane":2,"minecraft:cherry_planks":4,"minecraft:blackstone":5,"minecraft:torch":1,"minecraft:poppy":1,"minecraft:tall_grass":12,"minecraft:cobblestone":7,"minecraft:wall_torch":1,"minecraft:pink_petals":4,"minecraft:birch_log":5,"minecraft:bee_nest":2,"minecraft:grass":28,"minecraft:oak_log":5,"minecraft:coal_ore":35,"minecraft:cherry_leaves":52,"minecraft:gravel":26,"minecraft:dirt":610,"minecraft:smooth_basalt":1,"minecraft:oak_leaves":13,"minecraft:deepslate":6},"minecraft:dropped":{"justhammers:diamond_hammer":1,"minecraft:wheat_seeds":13,"minecraft:cherry_log":163,"minecraft:oak_log":2,"minecraft:crafting_table":1,"minecraft:feather":1,"minecraft:cobblestone":1518,"minecraft:leather":3,"minecraft:coal":253,"minecraft:stick":1,"minecraft:dirt":411,"minecraft:cherry_planks":756,"minecraft:phantom_membrane":1,"minecraft:string":7,"minecraft:pink_petals":13,"minecraft:dandelion":1,"minecraft:bone":9,"minecraft:smooth_basalt":3,"minecraft:gravel":56,"minecraft:blackstone":49,"minecraft:cobbled_deepslate":31,"minecraft:raw_copper":23,"minecraft:cherry_sapling":1,"minecraft:rotten_flesh":10,"minecraft:light_gray_wool":6,"minecraft:poppy":1,"minecraft:peony":3,"minecraft:diamond_pickaxe":1,"minecraft:andesite":970,"minecraft:spider_eye":1}},"DataVersion":3465}