{"stats":{"minecraft:custom":{"minecraft:mob_kills":79,"minecraft:interact_with_crafting_table":27,"minecraft:leave_game":4,"minecraft:time_since_death":90932,"minecraft:climb_one_cm":648,"minecraft:sprint_one_cm":563455,"minecraft:walk_one_cm":453326,"minecraft:damage_blocked_by_shield":18,"minecraft:drop":111,"minecraft:play_time":303936,"minecraft:deaths":17,"minecraft:sneak_time":15802,"minecraft:walk_under_water_one_cm":19402,"minecraft:jump":3193,"minecraft:interact_with_blast_furnace":6,"minecraft:walk_on_water_one_cm":60927,"minecraft:total_world_time":303936,"minecraft:interact_with_furnace":7,"minecraft:sleep_in_bed":6,"minecraft:time_since_rest":90973,"minecraft:waystone_activated":1,"minecraft:damage_taken":10410,"minecraft:damage_absorbed":791,"minecraft:damage_dealt":13708,"minecraft:swim_one_cm":16080,"minecraft:fly_one_cm":426807,"minecraft:player_kills":2,"minecraft:open_chest":40,"minecraft:crouch_one_cm":37640,"minecraft:interact_with_smoker":3,"minecraft:fall_one_cm":147504,"minecraft:horse_one_cm":204215},"minecraft:killed_by":{"minecraft:stray":1,"minecraft:creeper":1,"quark:forgotten":1,"minecraft:skeleton":8,"minecraft:zombie":2},"minecraft:picked_up":{"quark:diamond_heart":1,"minecraft:crafting_table":3,"minecraft:chicken":2,"packedup:basicbackpack":1,"simplyswords:diamond_katana":1,"minecraft:lead":2,"spelunkers_charm:deepslate_rock":7,"minecraft:enchanted_book":1,"minecraft:string":7,"immersive_melodies:lute":1,"minecraft:raw_copper":65,"minecraft:iron_shovel":1,"minecraft:blackstone":596,"minecraft:diamond_leggings":1,"minecraft:cobbled_deepslate":34,"minecraft:white_tulip":1,"spartanshields:diamond_tower_shield":1,"minecraft:calcite":61,"minecraft:poppy":1,"minecraft:light_gray_wool":6,"hangglider:hang_glider":1,"supplementaries:rope":10,"minecraft:chest":1,"minecraft:phantom_membrane":1,"minecraft:stick":4,"minecraft:raw_iron":20,"minecraft:cherry_stairs":9,"minecraft:torch":89,"minecraft:cherry_log":529,"minecraft:redstone":14,"minecraft:iron_horse_armor":1,"minecraft:diamond_chestplate":1,"minecraft:arrow":9,"minecraft:rotten_flesh":25,"minecraft:peony":6,"minecraft:diamond_boots":1,"minecraft:saddle":1,"minecraft:gold_ingot":64,"supplementaries:ash":1,"minecraft:glow_berries":4,"minecraft:obsidian":67,"minecraft:mutton":13,"minecraft:rail":8,"minecraft:white_wool":10,"minecraft:cobblestone":1897,"minecraft:birch_log":5,"minecraft:pink_petals":23,"minecraft:magma_block":56,"minecraft:feather":1,"minecraft:cooked_beef":4,"minecraft:glow_ink_sac":2,"minecraft:andesite":1345,"minecraft:leather":4,"minecraft:potato":1,"spelunkers_charm:old_miners_bundle":1,"minecraft:flint":7,"minecraft:oak_log":11,"minecraft:lapis_lazuli":46,"minecraft:dirt":547,"minecraft:name_tag":1,"minecraft:bone":10,"minecraft:wheat_seeds":15,"minecraft:iron_ingot":73,"minecraft:diamond_helmet":1,"minecraft:smooth_basalt":12,"minecraft:dandelion":1,"minecraft:gravel":59,"minecraft:white_bed":3,"justhammers:diamond_hammer":2,"minecraft:spider_eye":2,"simplyswords:diamond_claymore":1,"minecraft:deepslate":2,"minecraft:diamond":39,"minecraft:diamond_axe":1,"minecraft:cherry_sapling":3,"minecraft:golden_apple":34,"minecraft:horse_spawn_egg":1,"minecraft:emerald":1,"minecraft:bread":109,"minecraft:melon_seeds":4,"minecraft:coal":255,"minecraft:diamond_pickaxe":1},"minecraft:used":{"minecraft:cherry_sapling":1,"minecraft:flint_and_steel":73,"minecraft:cooked_chicken":2,"minecraft:stick":1,"minecraft:torch":11,"minecraft:dirt":228,"minecraft:water_bucket":13,"simplyswords:diamond_katana":25,"minecraft:blackstone":115,"minecraft:cherry_planks":35,"minecraft:diamond_axe":540,"minecraft:horse_spawn_egg":1,"minecraft:golden_apple":32,"minecraft:crafting_table":4,"justhammers:diamond_hammer":806,"simplyswords:diamond_claymore":200,"minecraft:white_bed":5,"minecraft:oak_log":1,"minecraft:diamond_pickaxe":223,"minecraft:diamond_shovel":643,"minecraft:bread":70,"spartanshields:diamond_tower_shield":2,"minecraft:pink_petals":9,"minecraft:cherry_stairs":46,"minecraft:cobblestone":179,"minecraft:bucket":14,"supplementaries:checker_block":4},"minecraft:killed":{"minecraft:spider":9,"minecraft:skeleton":14,"minecraft:bee":2,"minecraft:chicken":2,"naturalist:butterfly":1,"minecraft:sheep":12,"minecraft:zombie":36},"minecraft:broken":{"minecraft:flint_and_steel":1},"minecraft:crafted":{"minecraft:cherry_planks":1096,"minecraft:oak_planks":20,"minecraft:cooked_chicken":2,"minecraft:diamond_shovel":1,"minecraft:flint_and_steel":2,"minecraft:cherry_stairs":96,"justhammers:diamond_hammer":2,"packedup:copperbackpack":1,"packedup:diamondbackpack":1,"minecraft:crafting_table":3,"minecraft:copper_ingot":10,"minecraft:bucket":1,"supplementaries:checker_block":4,"minecraft:air":0,"packedup:obsidianbackpack":1,"minecraft:diamond_pickaxe":1,"minecraft:stick":20,"minecraft:white_bed":2,"packedup:goldbackpack":1,"minecraft:torch":4},"minecraft:mined":{"minecraft:white_bed":1,"minecraft:deepslate_diamond_ore":4,"minecraft:cherry_log":410,"minecraft:obsidian":1,"minecraft:grass_block":84,"spelunkers_charm:deepslate_geyser_lava":1,"spelunkers_charm:deepslate_rock_pile_1":1,"minecraft:magma_block":1,"minecraft:iron_ore":5,"minecraft:fire":87,"minecraft:andesite":2,"spelunkers_charm:deepslate_rock_pile_2":1,"minecraft:azure_bluet":1,"minecraft:peony":4,"minecraft:dirt_path":1,"minecraft:white_tulip":1,"minecraft:stone":162,"minecraft:cherry_stairs":9,"minecraft:glass_pane":2,"minecraft:cherry_planks":4,"minecraft:blackstone":20,"minecraft:crafting_table":2,"minecraft:torch":1,"minecraft:poppy":1,"minecraft:tall_grass":12,"minecraft:cobblestone":7,"minecraft:wall_torch":1,"minecraft:pink_petals":4,"minecraft:birch_log":5,"minecraft:bee_nest":2,"minecraft:grass":28,"minecraft:oak_log":5,"minecraft:coal_ore":35,"minecraft:cherry_leaves":52,"minecraft:gravel":26,"minecraft:dirt":610,"minecraft:smooth_basalt":1,"minecraft:oak_leaves":13,"minecraft:deepslate":6},"minecraft:dropped":{"justhammers:diamond_hammer":1,"minecraft:wheat_seeds":13,"minecraft:cherry_log":163,"minecraft:oak_log":2,"minecraft:crafting_table":1,"minecraft:feather":1,"minecraft:cobblestone":1518,"minecraft:leather":3,"minecraft:coal":253,"minecraft:stick":1,"minecraft:dirt":411,"minecraft:cherry_planks":756,"minecraft:phantom_membrane":1,"minecraft:string":7,"minecraft:pink_petals":13,"minecraft:dandelion":1,"minecraft:bone":9,"minecraft:smooth_basalt":3,"minecraft:gravel":56,"minecraft:blackstone":49,"minecraft:cobbled_deepslate":31,"minecraft:raw_copper":23,"minecraft:cherry_sapling":1,"minecraft:rotten_flesh":10,"minecraft:light_gray_wool":6,"minecraft:poppy":1,"minecraft:peony":3,"minecraft:diamond_pickaxe":1,"minecraft:andesite":970,"minecraft:spider_eye":1}},"DataVersion":3465}