{"stats":{"minecraft:killed":{"naturalist:butterfly":1,"minecraft:spider":3,"minecraft:sheep":12,"minecraft:skeleton":7,"minecraft:zombie":3,"minecraft:chicken":2},"minecraft:killed_by":{"minecraft:skeleton":2},"minecraft:custom":{"minecraft:mob_kills":29,"minecraft:interact_with_crafting_table":5,"minecraft:leave_game":2,"minecraft:time_since_death":48137,"minecraft:time_since_rest":48193,"minecraft:sprint_one_cm":185676,"minecraft:walk_one_cm":118238,"minecraft:damage_taken":2259,"minecraft:damage_absorbed":608,"minecraft:damage_blocked_by_shield":18,"minecraft:drop":22,"minecraft:damage_dealt":3897,"minecraft:fly_one_cm":117351,"minecraft:player_kills":1,"minecraft:open_chest":1,"minecraft:crouch_one_cm":2422,"minecraft:play_time":66522,"minecraft:deaths":2,"minecraft:sneak_time":732,"minecraft:walk_under_water_one_cm":25,"minecraft:jump":878,"minecraft:walk_on_water_one_cm":1997,"minecraft:total_world_time":66522,"minecraft:fall_one_cm":29576,"minecraft:horse_one_cm":204215},"minecraft:used":{"minecraft:flint_and_steel":71,"simplyswords:diamond_katana":4,"minecraft:cherry_planks":6,"minecraft:diamond_axe":294,"minecraft:horse_spawn_egg":1,"minecraft:golden_apple":24,"minecraft:dirt":1,"minecraft:crafting_table":1,"justhammers:diamond_hammer":6,"simplyswords:diamond_claymore":73,"minecraft:oak_log":1,"minecraft:diamond_pickaxe":78,"minecraft:diamond_shovel":137,"spartanshields:diamond_tower_shield":2,"minecraft:cobblestone":12},"minecraft:mined":{"minecraft:cherry_log":215,"minecraft:grass_block":12,"minecraft:tall_grass":6,"minecraft:cobblestone":4,"minecraft:pink_petals":3,"minecraft:birch_log":5,"minecraft:fire":86,"minecraft:peony":1,"minecraft:grass":14,"minecraft:oak_log":5,"minecraft:coal_ore":11,"minecraft:cherry_leaves":32,"minecraft:gravel":17,"minecraft:dirt":122,"minecraft:stone":60,"minecraft:oak_leaves":13},"minecraft:picked_up":{"minecraft:birch_log":5,"minecraft:pink_petals":22,"minecraft:crafting_table":1,"minecraft:feather":1,"minecraft:chicken":2,"packedup:basicbackpack":1,"simplyswords:diamond_katana":1,"minecraft:leather":2,"minecraft:flint":6,"minecraft:oak_log":5,"minecraft:dirt":196,"minecraft:string":2,"immersive_melodies:lute":1,"minecraft:name_tag":1,"minecraft:bone":5,"minecraft:diamond_leggings":1,"minecraft:wheat_seeds":9,"minecraft:iron_ingot":64,"spartanshields:diamond_tower_shield":1,"minecraft:light_gray_wool":6,"minecraft:diamond_helmet":1,"minecraft:chest":1,"minecraft:torch":64,"minecraft:gravel":50,"minecraft:cherry_log":203,"minecraft:spider_eye":1,"minecraft:iron_horse_armor":1,"minecraft:arrow":2,"simplyswords:diamond_claymore":1,"minecraft:diamond_chestplate":1,"minecraft:rotten_flesh":4,"minecraft:diamond":11,"minecraft:peony":3,"minecraft:diamond_boots":1,"minecraft:diamond_axe":1,"minecraft:cherry_sapling":1,"minecraft:bread":64,"minecraft:golden_apple":32,"minecraft:saddle":1,"minecraft:horse_spawn_egg":1,"minecraft:gold_ingot":64,"minecraft:mutton":13,"minecraft:coal":9,"minecraft:diamond_pickaxe":1,"minecraft:white_wool":10,"minecraft:cobblestone":330},"minecraft:dropped":{"minecraft:wheat_seeds":2,"minecraft:crafting_table":1,"minecraft:cherry_sapling":1,"minecraft:feather":1,"minecraft:cobblestone":4,"minecraft:rotten_flesh":2,"minecraft:light_gray_wool":4,"minecraft:peony":2,"minecraft:cherry_planks":754},"minecraft:crafted":{"minecraft:cherry_planks":812,"minecraft:oak_planks":8,"minecraft:crafting_table":1,"minecraft:diamond_shovel":1,"minecraft:flint_and_steel":2,"minecraft:stick":12,"justhammers:diamond_hammer":1},"minecraft:broken":{"minecraft:flint_and_steel":1}},"DataVersion":3465}