{"stats":{"minecraft:used":{"simplyswords:diamond_katana":2,"minecraft:diamond_axe":13,"minecraft:golden_apple":2,"simplyswords:diamond_claymore":24},"minecraft:killed":{"minecraft:sheep":8,"minecraft:chicken":2},"minecraft:custom":{"minecraft:time_since_rest":5468,"minecraft:walk_one_cm":11269,"minecraft:sprint_one_cm":31267,"minecraft:damage_taken":150,"minecraft:damage_absorbed":40,"minecraft:mob_kills":10,"minecraft:damage_dealt":785,"minecraft:fly_one_cm":20206,"minecraft:crouch_one_cm":118,"minecraft:play_time":5468,"minecraft:sneak_time":26,"minecraft:jump":119,"minecraft:walk_on_water_one_cm":1662,"minecraft:time_since_death":5468,"minecraft:total_world_time":5468,"minecraft:fall_one_cm":8529},"minecraft:picked_up":{"minecraft:birch_log":5,"minecraft:feather":1,"minecraft:chicken":2,"packedup:basicbackpack":1,"simplyswords:diamond_katana":1,"minecraft:torch":64,"minecraft:oak_log":5,"immersive_melodies:lute":1,"simplyswords:diamond_claymore":1,"minecraft:diamond_chestplate":1,"minecraft:diamond":11,"minecraft:diamond_leggings":1,"minecraft:diamond_boots":1,"minecraft:iron_ingot":64,"minecraft:diamond_axe":1,"spartanshields:diamond_tower_shield":1,"minecraft:golden_apple":32,"minecraft:gold_ingot":64,"minecraft:bread":64,"minecraft:diamond_helmet":1,"minecraft:light_gray_wool":1,"minecraft:chest":1,"minecraft:mutton":11,"minecraft:white_wool":7,"minecraft:diamond_pickaxe":1},"minecraft:mined":{"minecraft:birch_log":5,"minecraft:oak_log":5,"minecraft:oak_leaves":13}},"DataVersion":3465}