{"stats":{"minecraft:dropped":{"minecraft:gravel":50,"minecraft:wheat_seeds":13,"minecraft:oak_log":2,"minecraft:crafting_table":1,"minecraft:cherry_sapling":1,"minecraft:feather":1,"minecraft:cobblestone":196,"minecraft:rotten_flesh":4,"minecraft:light_gray_wool":6,"minecraft:leather":1,"minecraft:poppy":1,"minecraft:dirt":384,"minecraft:peony":3,"minecraft:cherry_planks":755,"minecraft:spider_eye":1,"minecraft:phantom_membrane":1,"minecraft:string":2,"minecraft:pink_petals":13,"minecraft:dandelion":1,"minecraft:bone":5},"minecraft:killed":{"naturalist:butterfly":1,"minecraft:spider":4,"minecraft:sheep":12,"minecraft:skeleton":9,"minecraft:zombie":10,"minecraft:chicken":2},"minecraft:custom":{"minecraft:interact_with_furnace":4,"minecraft:mob_kills":39,"minecraft:interact_with_crafting_table":8,"minecraft:leave_game":3,"minecraft:time_since_death":64748,"minecraft:sleep_in_bed":6,"minecraft:time_since_rest":38587,"minecraft:sprint_one_cm":241357,"minecraft:damage_absorbed":751,"minecraft:damage_taken":4158,"minecraft:walk_one_cm":196981,"minecraft:damage_blocked_by_shield":18,"minecraft:drop":47,"minecraft:damage_dealt":5808,"minecraft:fly_one_cm":162873,"minecraft:player_kills":1,"minecraft:open_chest":1,"minecraft:play_time":133031,"minecraft:crouch_one_cm":10101,"minecraft:sneak_time":4869,"minecraft:deaths":7,"minecraft:walk_under_water_one_cm":25,"minecraft:jump":1374,"minecraft:walk_on_water_one_cm":1997,"minecraft:total_world_time":133031,"minecraft:fall_one_cm":57074,"minecraft:horse_one_cm":204215},"minecraft:killed_by":{"minecraft:skeleton":6,"minecraft:zombie":1},"minecraft:crafted":{"minecraft:cherry_planks":812,"minecraft:oak_planks":8,"minecraft:crafting_table":2,"minecraft:cooked_chicken":2,"minecraft:diamond_shovel":1,"minecraft:air":0,"minecraft:flint_and_steel":2,"minecraft:stick":12,"justhammers:diamond_hammer":1,"minecraft:white_bed":2},"minecraft:broken":{"minecraft:flint_and_steel":1},"minecraft:mined":{"minecraft:white_bed":1,"minecraft:cherry_planks":4,"minecraft:cherry_log":215,"minecraft:grass_block":80,"minecraft:poppy":1,"minecraft:tall_grass":10,"minecraft:cobblestone":4,"minecraft:pink_petals":3,"minecraft:birch_log":5,"minecraft:iron_ore":4,"minecraft:fire":86,"minecraft:azure_bluet":1,"minecraft:peony":1,"minecraft:grass":19,"minecraft:coal_ore":11,"minecraft:oak_log":5,"minecraft:dirt_path":1,"minecraft:cherry_leaves":33,"minecraft:gravel":17,"minecraft:dirt":581,"minecraft:stone":134,"minecraft:oak_leaves":13},"minecraft:picked_up":{"minecraft:birch_log":5,"minecraft:pink_petals":22,"minecraft:crafting_table":1,"minecraft:feather":1,"minecraft:chicken":2,"packedup:basicbackpack":1,"simplyswords:diamond_katana":1,"minecraft:leather":3,"minecraft:lead":2,"minecraft:flint":6,"minecraft:oak_log":5,"minecraft:string":3,"minecraft:dirt":510,"immersive_melodies:lute":1,"minecraft:name_tag":1,"minecraft:bone":7,"minecraft:wheat_seeds":15,"minecraft:diamond_leggings":1,"minecraft:iron_ingot":64,"spartanshields:diamond_tower_shield":1,"minecraft:poppy":1,"minecraft:light_gray_wool":6,"minecraft:diamond_helmet":1,"minecraft:chest":1,"minecraft:phantom_membrane":1,"minecraft:stick":2,"minecraft:raw_iron":4,"minecraft:torch":64,"minecraft:dandelion":1,"minecraft:gravel":50,"minecraft:cherry_log":203,"minecraft:white_bed":2,"minecraft:iron_horse_armor":1,"minecraft:spider_eye":1,"minecraft:arrow":4,"simplyswords:diamond_claymore":1,"minecraft:rotten_flesh":7,"minecraft:diamond_chestplate":1,"minecraft:diamond":11,"minecraft:peony":3,"minecraft:diamond_boots":1,"minecraft:diamond_axe":1,"minecraft:emerald":1,"minecraft:cherry_sapling":2,"minecraft:golden_apple":32,"minecraft:saddle":1,"minecraft:horse_spawn_egg":1,"minecraft:gold_ingot":64,"minecraft:bread":64,"minecraft:mutton":13,"minecraft:coal":9,"minecraft:white_wool":10,"minecraft:cobblestone":663,"minecraft:diamond_pickaxe":1},"minecraft:used":{"minecraft:cherry_sapling":1,"simplyswords:diamond_katana":6,"minecraft:flint_and_steel":71,"minecraft:cherry_planks":15,"minecraft:cooked_chicken":2,"minecraft:diamond_axe":298,"minecraft:horse_spawn_egg":1,"minecraft:golden_apple":30,"minecraft:dirt":192,"justhammers:diamond_hammer":48,"minecraft:crafting_table":2,"simplyswords:diamond_claymore":98,"minecraft:white_bed":4,"minecraft:oak_log":1,"minecraft:diamond_pickaxe":157,"minecraft:diamond_shovel":643,"spartanshields:diamond_tower_shield":2,"minecraft:pink_petals":9,"minecraft:cobblestone":28}},"DataVersion":3465}