{"stats":{"minecraft:killed_by":{"minecraft:skeleton":2},"minecraft:used":{"minecraft:oak_log":1,"minecraft:diamond_pickaxe":5,"simplyswords:diamond_katana":2,"minecraft:diamond_axe":232,"minecraft:horse_spawn_egg":1,"minecraft:golden_apple":9,"minecraft:dirt":1,"simplyswords:diamond_claymore":41},"minecraft:killed":{"minecraft:sheep":12,"minecraft:skeleton":1,"minecraft:chicken":2,"naturalist:butterfly":1},"minecraft:custom":{"minecraft:time_since_rest":11139,"minecraft:walk_one_cm":47850,"minecraft:sprint_one_cm":90276,"minecraft:damage_taken":1100,"minecraft:damage_absorbed":199,"minecraft:mob_kills":16,"minecraft:damage_dealt":1496,"minecraft:fly_one_cm":61491,"minecraft:open_chest":1,"minecraft:crouch_one_cm":118,"minecraft:play_time":29468,"minecraft:deaths":2,"minecraft:sneak_time":26,"minecraft:walk_under_water_one_cm":25,"minecraft:jump":379,"minecraft:walk_on_water_one_cm":1997,"minecraft:time_since_death":11083,"minecraft:total_world_time":29468,"minecraft:fall_one_cm":15230,"minecraft:horse_one_cm":204215},"minecraft:picked_up":{"minecraft:birch_log":5,"minecraft:feather":1,"minecraft:chicken":2,"packedup:basicbackpack":1,"simplyswords:diamond_katana":1,"minecraft:leather":2,"minecraft:torch":64,"minecraft:oak_log":5,"minecraft:cherry_log":162,"minecraft:iron_horse_armor":1,"minecraft:dirt":2,"immersive_melodies:lute":1,"minecraft:name_tag":1,"simplyswords:diamond_claymore":1,"minecraft:diamond_chestplate":1,"minecraft:diamond":11,"minecraft:peony":2,"minecraft:wheat_seeds":1,"minecraft:diamond_leggings":1,"minecraft:diamond_boots":1,"minecraft:iron_ingot":64,"minecraft:diamond_axe":1,"minecraft:cherry_sapling":1,"spartanshields:diamond_tower_shield":1,"minecraft:saddle":1,"minecraft:horse_spawn_egg":1,"minecraft:golden_apple":32,"minecraft:gold_ingot":64,"minecraft:bread":64,"minecraft:diamond_helmet":1,"minecraft:light_gray_wool":2,"minecraft:chest":1,"minecraft:mutton":13,"minecraft:white_wool":10,"minecraft:cobblestone":4,"minecraft:diamond_pickaxe":1},"minecraft:mined":{"minecraft:pink_petals":2,"minecraft:birch_log":5,"minecraft:cherry_log":175,"minecraft:peony":1,"minecraft:grass":7,"minecraft:grass_block":2,"minecraft:oak_log":5,"minecraft:cherry_leaves":28,"minecraft:dirt":1,"minecraft:tall_grass":6,"minecraft:stone":5,"minecraft:oak_leaves":13}},"DataVersion":3465}