{"stats":{"minecraft:dropped":{"minecraft:gravel":50,"justhammers:diamond_hammer":1,"minecraft:wheat_seeds":13,"minecraft:oak_log":2,"minecraft:crafting_table":1,"minecraft:cherry_sapling":1,"minecraft:feather":1,"minecraft:cobblestone":196,"minecraft:rotten_flesh":4,"minecraft:light_gray_wool":6,"minecraft:leather":1,"minecraft:coal":16,"minecraft:poppy":1,"minecraft:dirt":384,"minecraft:peony":3,"minecraft:cherry_planks":755,"minecraft:spider_eye":1,"minecraft:phantom_membrane":1,"minecraft:string":2,"minecraft:pink_petals":13,"minecraft:dandelion":1,"minecraft:bone":5},"minecraft:killed":{"naturalist:butterfly":1,"minecraft:spider":4,"minecraft:sheep":12,"minecraft:skeleton":11,"minecraft:zombie":12,"minecraft:chicken":2},"minecraft:custom":{"minecraft:interact_with_furnace":4,"minecraft:mob_kills":44,"minecraft:interact_with_crafting_table":8,"minecraft:leave_game":3,"minecraft:time_since_death":1808,"minecraft:sleep_in_bed":6,"minecraft:time_since_rest":1838,"minecraft:sprint_one_cm":303540,"minecraft:damage_absorbed":751,"minecraft:damage_taken":5337,"minecraft:walk_one_cm":243372,"minecraft:damage_blocked_by_shield":18,"minecraft:drop":49,"minecraft:damage_dealt":7373,"minecraft:swim_one_cm":1777,"minecraft:fly_one_cm":227826,"minecraft:player_kills":1,"minecraft:open_chest":1,"minecraft:play_time":175031,"minecraft:crouch_one_cm":11821,"minecraft:sneak_time":5761,"minecraft:deaths":10,"minecraft:walk_under_water_one_cm":5306,"minecraft:jump":1765,"minecraft:walk_on_water_one_cm":6065,"minecraft:total_world_time":175031,"minecraft:fall_one_cm":73828,"minecraft:horse_one_cm":204215},"minecraft:killed_by":{"minecraft:stray":1,"minecraft:skeleton":6,"minecraft:zombie":1,"quark:forgotten":1},"minecraft:crafted":{"minecraft:cherry_planks":812,"minecraft:oak_planks":8,"minecraft:crafting_table":2,"minecraft:cooked_chicken":2,"minecraft:diamond_shovel":1,"minecraft:air":0,"minecraft:flint_and_steel":2,"minecraft:stick":12,"justhammers:diamond_hammer":1,"minecraft:white_bed":2,"minecraft:torch":4},"minecraft:broken":{"minecraft:flint_and_steel":1},"minecraft:mined":{"minecraft:white_bed":1,"minecraft:cherry_planks":4,"minecraft:blackstone":5,"minecraft:cherry_log":215,"minecraft:grass_block":82,"minecraft:poppy":1,"minecraft:tall_grass":10,"minecraft:cobblestone":4,"minecraft:pink_petals":3,"minecraft:birch_log":5,"minecraft:iron_ore":5,"minecraft:fire":86,"minecraft:azure_bluet":1,"minecraft:peony":1,"minecraft:grass":20,"minecraft:coal_ore":35,"minecraft:oak_log":5,"minecraft:dirt_path":1,"minecraft:cherry_leaves":33,"minecraft:gravel":17,"minecraft:dirt":583,"minecraft:smooth_basalt":1,"minecraft:stone":162,"minecraft:oak_leaves":13},"minecraft:picked_up":{"minecraft:birch_log":5,"minecraft:pink_petals":22,"minecraft:crafting_table":1,"minecraft:feather":1,"minecraft:andesite":348,"minecraft:chicken":2,"packedup:basicbackpack":1,"simplyswords:diamond_katana":1,"minecraft:leather":3,"minecraft:lead":2,"minecraft:potato":1,"minecraft:flint":6,"minecraft:oak_log":5,"minecraft:raw_copper":12,"minecraft:string":3,"minecraft:dirt":513,"immersive_melodies:lute":1,"minecraft:name_tag":1,"minecraft:bone":9,"minecraft:blackstone":49,"minecraft:wheat_seeds":15,"minecraft:diamond_leggings":1,"minecraft:iron_ingot":64,"spartanshields:diamond_tower_shield":1,"minecraft:poppy":1,"minecraft:light_gray_wool":6,"minecraft:diamond_helmet":1,"minecraft:chest":1,"minecraft:phantom_membrane":1,"minecraft:stick":2,"minecraft:raw_iron":7,"minecraft:smooth_basalt":3,"minecraft:torch":65,"minecraft:dandelion":1,"minecraft:gravel":50,"minecraft:cherry_log":210,"minecraft:white_bed":3,"justhammers:diamond_hammer":2,"minecraft:iron_horse_armor":1,"minecraft:spider_eye":1,"minecraft:arrow":4,"simplyswords:diamond_claymore":1,"minecraft:rotten_flesh":10,"minecraft:diamond_chestplate":1,"minecraft:diamond":14,"minecraft:peony":3,"minecraft:diamond_boots":1,"minecraft:diamond_axe":1,"minecraft:emerald":1,"minecraft:cherry_sapling":2,"minecraft:golden_apple":34,"minecraft:saddle":1,"minecraft:horse_spawn_egg":1,"minecraft:gold_ingot":64,"minecraft:bread":72,"minecraft:mutton":13,"minecraft:coal":156,"minecraft:white_wool":10,"minecraft:cobblestone":1238,"minecraft:diamond_pickaxe":1},"minecraft:used":{"minecraft:cherry_sapling":1,"simplyswords:diamond_katana":6,"minecraft:flint_and_steel":71,"minecraft:cherry_planks":15,"minecraft:cooked_chicken":2,"minecraft:diamond_axe":298,"minecraft:horse_spawn_egg":1,"minecraft:torch":5,"minecraft:golden_apple":30,"minecraft:dirt":203,"justhammers:diamond_hammer":276,"minecraft:crafting_table":2,"simplyswords:diamond_claymore":121,"minecraft:white_bed":5,"minecraft:oak_log":1,"minecraft:diamond_pickaxe":216,"minecraft:diamond_shovel":643,"minecraft:bread":8,"spartanshields:diamond_tower_shield":2,"minecraft:pink_petals":9,"minecraft:cobblestone":57}},"DataVersion":3465}