{"stats":{"minecraft:killed":{"naturalist:butterfly":1,"minecraft:spider":3,"minecraft:sheep":12,"minecraft:skeleton":6,"minecraft:zombie":3,"minecraft:chicken":2},"minecraft:killed_by":{"minecraft:skeleton":2},"minecraft:custom":{"minecraft:mob_kills":28,"minecraft:interact_with_crafting_table":5,"minecraft:leave_game":1,"minecraft:time_since_death":35912,"minecraft:time_since_rest":35968,"minecraft:sprint_one_cm":157982,"minecraft:walk_one_cm":98908,"minecraft:damage_taken":1898,"minecraft:damage_absorbed":524,"minecraft:damage_blocked_by_shield":18,"minecraft:drop":22,"minecraft:damage_dealt":3696,"minecraft:fly_one_cm":92770,"minecraft:player_kills":1,"minecraft:open_chest":1,"minecraft:crouch_one_cm":1956,"minecraft:play_time":54297,"minecraft:deaths":2,"minecraft:sneak_time":580,"minecraft:walk_under_water_one_cm":25,"minecraft:jump":670,"minecraft:walk_on_water_one_cm":1997,"minecraft:total_world_time":54297,"minecraft:fall_one_cm":21770,"minecraft:horse_one_cm":204215},"minecraft:used":{"simplyswords:diamond_katana":4,"minecraft:diamond_axe":294,"minecraft:horse_spawn_egg":1,"minecraft:golden_apple":20,"minecraft:dirt":1,"minecraft:crafting_table":1,"justhammers:diamond_hammer":2,"simplyswords:diamond_claymore":70,"minecraft:oak_log":1,"minecraft:diamond_pickaxe":73,"spartanshields:diamond_tower_shield":2},"minecraft:mined":{"minecraft:cherry_log":215,"minecraft:grass_block":3,"minecraft:tall_grass":6,"minecraft:pink_petals":3,"minecraft:birch_log":5,"minecraft:peony":1,"minecraft:grass":14,"minecraft:oak_log":5,"minecraft:coal_ore":11,"minecraft:cherry_leaves":32,"minecraft:dirt":6,"minecraft:stone":60,"minecraft:oak_leaves":13},"minecraft:picked_up":{"minecraft:birch_log":5,"minecraft:pink_petals":22,"minecraft:crafting_table":1,"minecraft:feather":1,"minecraft:chicken":2,"packedup:basicbackpack":1,"simplyswords:diamond_katana":1,"minecraft:leather":2,"minecraft:oak_log":5,"minecraft:dirt":65,"minecraft:string":2,"immersive_melodies:lute":1,"minecraft:name_tag":1,"minecraft:bone":3,"minecraft:diamond_leggings":1,"minecraft:wheat_seeds":4,"minecraft:iron_ingot":64,"spartanshields:diamond_tower_shield":1,"minecraft:light_gray_wool":6,"minecraft:diamond_helmet":1,"minecraft:chest":1,"minecraft:torch":64,"minecraft:gravel":29,"minecraft:cherry_log":203,"minecraft:spider_eye":1,"minecraft:iron_horse_armor":1,"minecraft:arrow":1,"simplyswords:diamond_claymore":1,"minecraft:diamond_chestplate":1,"minecraft:rotten_flesh":4,"minecraft:diamond":11,"minecraft:peony":3,"minecraft:diamond_boots":1,"minecraft:diamond_axe":1,"minecraft:cherry_sapling":1,"minecraft:bread":64,"minecraft:golden_apple":32,"minecraft:saddle":1,"minecraft:horse_spawn_egg":1,"minecraft:gold_ingot":64,"minecraft:mutton":13,"minecraft:coal":6,"minecraft:diamond_pickaxe":1,"minecraft:white_wool":10,"minecraft:cobblestone":323},"minecraft:dropped":{"minecraft:wheat_seeds":2,"minecraft:crafting_table":1,"minecraft:cherry_sapling":1,"minecraft:feather":1,"minecraft:cobblestone":4,"minecraft:rotten_flesh":2,"minecraft:light_gray_wool":4,"minecraft:peony":2,"minecraft:cherry_planks":754},"minecraft:crafted":{"minecraft:cherry_planks":756,"minecraft:oak_planks":8,"minecraft:crafting_table":1,"minecraft:stick":12,"justhammers:diamond_hammer":1}},"DataVersion":3465}