{"stats":{"minecraft:killed_by":{"minecraft:skeleton":2},"minecraft:used":{"simplyswords:diamond_katana":2,"minecraft:diamond_axe":290,"minecraft:horse_spawn_egg":1,"minecraft:golden_apple":16,"minecraft:dirt":1,"simplyswords:diamond_claymore":62,"minecraft:oak_log":1,"minecraft:diamond_pickaxe":73},"minecraft:killed":{"naturalist:butterfly":1,"minecraft:spider":2,"minecraft:sheep":12,"minecraft:skeleton":4,"minecraft:zombie":3,"minecraft:chicken":2},"minecraft:custom":{"minecraft:mob_kills":25,"minecraft:leave_game":1,"minecraft:time_since_death":26126,"minecraft:time_since_rest":26182,"minecraft:sprint_one_cm":133751,"minecraft:damage_absorbed":387,"minecraft:damage_taken":1565,"minecraft:walk_one_cm":83853,"minecraft:drop":9,"minecraft:damage_dealt":3225,"minecraft:fly_one_cm":81817,"minecraft:player_kills":1,"minecraft:open_chest":1,"minecraft:crouch_one_cm":1653,"minecraft:play_time":44511,"minecraft:deaths":2,"minecraft:sneak_time":513,"minecraft:walk_under_water_one_cm":25,"minecraft:jump":529,"minecraft:walk_on_water_one_cm":1997,"minecraft:total_world_time":44511,"minecraft:fall_one_cm":18205,"minecraft:horse_one_cm":204215},"minecraft:crafted":{"minecraft:cherry_planks":756},"minecraft:dropped":{"minecraft:wheat_seeds":2,"minecraft:cherry_sapling":1,"minecraft:feather":1,"minecraft:cobblestone":4,"minecraft:rotten_flesh":2,"minecraft:light_gray_wool":4,"minecraft:peony":2},"minecraft:picked_up":{"minecraft:birch_log":5,"minecraft:pink_petals":9,"minecraft:feather":1,"minecraft:chicken":2,"packedup:basicbackpack":1,"simplyswords:diamond_katana":1,"minecraft:leather":2,"minecraft:oak_log":5,"minecraft:string":2,"minecraft:dirt":48,"immersive_melodies:lute":1,"minecraft:name_tag":1,"minecraft:diamond_leggings":1,"minecraft:wheat_seeds":3,"minecraft:iron_ingot":64,"spartanshields:diamond_tower_shield":1,"minecraft:light_gray_wool":6,"minecraft:diamond_helmet":1,"minecraft:chest":1,"minecraft:torch":64,"minecraft:cherry_log":202,"minecraft:iron_horse_armor":1,"simplyswords:diamond_claymore":1,"minecraft:diamond_chestplate":1,"minecraft:rotten_flesh":4,"minecraft:diamond":11,"minecraft:peony":2,"minecraft:diamond_boots":1,"minecraft:diamond_axe":1,"minecraft:cherry_sapling":1,"minecraft:bread":64,"minecraft:golden_apple":32,"minecraft:horse_spawn_egg":1,"minecraft:saddle":1,"minecraft:gold_ingot":64,"minecraft:mutton":13,"minecraft:coal":6,"minecraft:diamond_pickaxe":1,"minecraft:white_wool":10,"minecraft:cobblestone":95},"minecraft:mined":{"minecraft:cherry_log":214,"minecraft:grass_block":2,"minecraft:tall_grass":6,"minecraft:pink_petals":3,"minecraft:birch_log":5,"minecraft:peony":1,"minecraft:grass":14,"minecraft:oak_log":5,"minecraft:coal_ore":11,"minecraft:cherry_leaves":32,"minecraft:dirt":1,"minecraft:stone":60,"minecraft:oak_leaves":13}},"DataVersion":3465}