{"stats":{"minecraft:custom":{"minecraft:interact_with_smithing_table":7,"minecraft:interact_with_anvil":12,"minecraft:mob_kills":97,"minecraft:interact_with_crafting_table":56,"minecraft:open_barrel":36,"minecraft:bell_ring":1,"minecraft:leave_game":4,"minecraft:time_since_death":62286,"minecraft:climb_one_cm":2926,"minecraft:sprint_one_cm":968250,"minecraft:damage_blocked_by_shield":435,"minecraft:walk_one_cm":686410,"minecraft:drop":1242,"minecraft:damage_dealt_absorbed":36,"minecraft:talked_to_villager":1,"minecraft:play_time":329634,"minecraft:sneak_time":13105,"minecraft:deaths":25,"minecraft:walk_under_water_one_cm":20028,"minecraft:jump":9218,"minecraft:interact_with_blast_furnace":2,"minecraft:walk_on_water_one_cm":30532,"minecraft:total_world_time":329634,"minecraft:interact_with_furnace":64,"minecraft:interact_with_stonecutter":2,"minecraft:sleep_in_bed":11,"minecraft:time_since_rest":62308,"minecraft:waystone_activated":4,"minecraft:damage_taken":12419,"minecraft:damage_absorbed":362,"minecraft:damage_dealt":21566,"minecraft:swim_one_cm":92886,"minecraft:fly_one_cm":1959323,"minecraft:player_kills":4,"minecraft:open_chest":106,"minecraft:crouch_one_cm":45294,"minecraft:interact_with_smoker":4,"minecraft:fall_one_cm":325862},"minecraft:killed_by":{"minecraft:player":2,"minecraft:creeper":1,"minecraft:pillager":2,"minecraft:vindicator":2,"minecraft:skeleton":7,"minecraft:zombie":2},"minecraft:picked_up":{"minecraft:crafting_table":2,"minecraft:anvil":4,"minecraft:enchanted_book":1,"minecraft:stripped_cherry_log":1,"minecraft:blackstone":964,"minecraft:string":3,"minecraft:moss_carpet":4,"minecraft:netherite_scrap":10,"minecraft:item_frame":4,"minecraft:netherite_ingot":2,"minecraft:glass_pane":64,"minecraft:diamond_leggings":1,"minecraft:cobbled_deepslate":5,"minecraft:beef":12,"spartanshields:diamond_tower_shield":1,"immersive_melodies:trumpet":1,"toolbelt:belt":1,"minecraft:poppy":3,"minecraft:light_gray_wool":1,"hangglider:hang_glider":1,"minecraft:melon_slice":35,"minecraft:sugar_cane":4,"minecraft:cherry_trapdoor":15,"minecraft:tipped_arrow":3,"minecraft:stick":10,"minecraft:raw_iron":20,"minecraft:cherry_stairs":13,"minecraft:big_dripleaf":3,"minecraft:torch":81,"quark:cherry_chest":4,"minecraft:spruce_stairs":1,"minecraft:cherry_log":221,"packedup:goldbackpack":1,"minecraft:dark_oak_planks":1,"minecraft:rotten_flesh":6,"minecraft:arrow":108,"minecraft:command_block":1,"quark:clear_shard":16,"minecraft:diamond_chestplate":1,"simplyswords:diamond_halberd":1,"minecraft:peony":1,"quark:hollow_cherry_log":11,"minecraft:diamond_boots":1,"minecraft:hay_block":65,"mowziesmobs:umvuthana_mask_bliss":1,"minecraft:gold_ingot":71,"minecraft:obsidian":1,"minecraft:mutton":8,"minecraft:bone_block":18,"morebows:diamond_bow":1,"minecraft:white_wool":4,"minecraft:cobblestone":2035,"minecraft:pink_petals":174,"minecraft:magma_block":2,"minecraft:feather":3,"minecraft:cherry_planks":783,"minecraft:cherry_leaves":164,"minecraft:water_bucket":1,"minecraft:andesite":810,"minecraft:leather":6,"minecraft:jungle_wood":1,"minecraft:flint":9,"minecraft:oak_log":12,"minecraft:cherry_fence":3,"minecraft:gunpowder":4,"minecraft:dirt":579,"minecraft:blue_bed":9,"minecraft:lantern":1,"minecraft:cooked_mutton":1,"minecraft:bone":44,"minecraft:bow":1,"minecraft:wheat_seeds":23,"minecraft:iron_ingot":65,"minecraft:diamond_helmet":1,"minecraft:bamboo":120,"spelunkers_charm:geode":1,"minecraft:oak_planks":12,"minecraft:smooth_basalt":3,"minecraft:sweet_berries":6,"minecraft:gravel":38,"minecraft:sand":640,"minecraft:jungle_planks":1,"supplementaries:checker_block":5,"minecraft:white_bed":2,"minecraft:spruce_log":1,"justhammers:diamond_hammer":1,"cataclysm:stone_tiles":22,"minecraft:cut_red_sandstone":1,"mowziesmobs:naga_fang":1,"minecraft:purple_bed":1,"minecraft:diamond":64,"waystones:waystone":3,"minecraft:crossbow":2,"minecraft:diamond_axe":2,"minecraft:cherry_sapling":28,"minecraft:bone_meal":2,"minecraft:grass":1,"minecraft:golden_apple":32,"minecraft:bread":65,"minecraft:emerald":3,"minecraft:oak_sapling":1,"minecraft:cherry_slab":10,"minecraft:melon_seeds":1,"minecraft:coal":256,"minecraft:ender_pearl":5,"minecraft:diamond_pickaxe":1},"minecraft:used":{"minecraft:cherry_sapling":19,"morebows:diamond_bow":41,"minecraft:poppy":1,"minecraft:cooked_salmon":2,"quark:cherry_chest":4,"minecraft:torch":75,"minecraft:dirt":207,"minecraft:anvil":3,"minecraft:diamond_helmet":1,"cataclysm:stone_tiles":11,"minecraft:big_dripleaf":3,"minecraft:glass":3,"minecraft:lava_bucket":2,"minecraft:cherry_slab":88,"minecraft:cherry_trapdoor":99,"simplyswords:diamond_greathammer":3,"minecraft:cherry_leaves":164,"minecraft:bamboo":70,"minecraft:diamond_chestplate":1,"minecraft:cooked_cod":4,"minecraft:furnace":1,"minecraft:cooked_beef":12,"minecraft:cherry_fence":72,"minecraft:cherry_log":66,"quark:hollow_cherry_log":11,"minecraft:cooked_mutton":3,"minecraft:water_bucket":63,"minecraft:chorus_fruit":2,"minecraft:oak_planks":23,"minecraft:ender_pearl":4,"minecraft:cherry_planks":353,"simplyswords:diamond_halberd":289,"minecraft:blue_bed":9,"minecraft:diamond_axe":409,"minecraft:golden_apple":10,"minecraft:jungle_wood":1,"justhammers:diamond_hammer":650,"minecraft:crafting_table":4,"minecraft:white_bed":2,"minecraft:shears":214,"waystones:waystone":3,"minecraft:diamond_pickaxe":209,"minecraft:apple":6,"minecraft:diamond_shovel":473,"minecraft:melon_slice":19,"minecraft:bread":108,"spartanshields:diamond_tower_shield":7,"minecraft:cut_red_sandstone":1,"minecraft:gravel":6,"minecraft:pink_petals":173,"minecraft:purple_bed":1,"minecraft:cherry_stairs":85,"minecraft:cobblestone":381,"minecraft:andesite":57,"minecraft:bucket":65,"minecraft:glass_pane":43,"supplementaries:checker_block":4,"minecraft:diamond_leggings":1,"minecraft:bone_meal":129},"minecraft:killed":{"minecraft:vindicator":1,"minecraft:spider":6,"quark:toretoise":1,"minecraft:skeleton":24,"minecraft:horse":1,"minecraft:drowned":1,"minecraft:wolf":2,"minecraft:husk":2,"minecraft:wandering_trader":1,"mowziesmobs:umvuthana_follower_raptor":4,"minecraft:creeper":2,"minecraft:sheep":6,"minecraft:trader_llama":2,"minecraft:pillager":13,"minecraft:zombie":9,"minecraft:stray":9,"mowziesmobs:umvuthana_raptor":1,"minecraft:cow":4,"mowziesmobs:naga":1},"minecraft:broken":{"minecraft:shears":1},"minecraft:crafted":{"minecraft:cherry_planks":280,"minecraft:oak_planks":48,"toolbelt:belt":1,"simplyswords:diamond_greathammer":1,"minecraft:iron_nugget":9,"minecraft:cherry_slab":82,"minecraft:command_block":1,"minecraft:furnace":1,"minecraft:bone_meal":328,"minecraft:diamond_shovel":1,"minecraft:cooked_mutton":7,"minecraft:cherry_trapdoor":84,"minecraft:glass":35,"minecraft:cherry_stairs":72,"minecraft:cherry_fence":75,"minecraft:wheat":576,"minecraft:cooked_beef":19,"packedup:diamondbackpack":1,"minecraft:crafting_table":2,"minecraft:gold_block":1,"minecraft:bread":192,"minecraft:air":0,"minecraft:stick":48,"minecraft:iron_block":3,"minecraft:anvil":1,"minecraft:shears":1},"minecraft:mined":{"minecraft:dark_oak_planks":1,"minecraft:white_bed":2,"quark:cherry_chest":4,"minecraft:cherry_log":223,"minecraft:cherry_sapling":3,"minecraft:jungle_leaves":1,"minecraft:stripped_cherry_log":1,"cataclysm:stone_tiles":8,"minecraft:cherry_trapdoor":16,"minecraft:grass_block":104,"minecraft:jungle_planks":3,"minecraft:spruce_leaves":2,"minecraft:hay_block":65,"minecraft:fire":2,"minecraft:andesite":82,"supplementaries:checker_block":5,"minecraft:anvil":2,"minecraft:dirt_path":1,"minecraft:bamboo_sapling":4,"minecraft:bamboo":18,"minecraft:stone":68,"minecraft:cherry_stairs":13,"minecraft:bone_block":26,"minecraft:glass_pane":9,"minecraft:cherry_planks":44,"minecraft:blackstone":6,"minecraft:torch":7,"minecraft:crafting_table":2,"minecraft:melon":7,"minecraft:dead_bush":1,"minecraft:glass":6,"quark:hollow_cherry_log":11,"minecraft:tall_grass":1,"minecraft:cobblestone":26,"minecraft:oak_planks":17,"minecraft:sugar_cane":2,"minecraft:blue_bed":9,"minecraft:wall_torch":2,"minecraft:cherry_slab":8,"minecraft:pink_petals":48,"minecraft:spruce_stairs":1,"minecraft:cherry_fence":3,"minecraft:purple_bed":1,"minecraft:jungle_wood":3,"minecraft:sweet_berry_bush":3,"minecraft:wheat":1,"minecraft:birch_leaves":1,"minecraft:grass":26,"minecraft:oak_log":12,"minecraft:cherry_leaves":238,"minecraft:gravel":48,"minecraft:sand":275,"minecraft:dirt":173,"minecraft:cut_red_sandstone":1,"minecraft:oak_leaves":7,"minecraft:fern":14},"minecraft:dropped":{"minecraft:enchanted_book":1,"minecraft:bread":56,"minecraft:wheat_seeds":20,"minecraft:diamond_axe":1,"minecraft:cooked_beef":7,"minecraft:cherry_log":86,"minecraft:diamond":6,"minecraft:crossbow":1,"minecraft:feather":3,"minecraft:cobblestone":1487,"minecraft:lantern":1,"minecraft:leather":1,"minecraft:jungle_planks":1,"minecraft:command_block":1,"minecraft:spruce_stairs":1,"minecraft:coal":7,"minecraft:item_frame":4,"minecraft:stick":5,"minecraft:flint":7,"minecraft:emerald":3,"minecraft:dirt":361,"minecraft:grass":1,"quark:clear_shard":10,"minecraft:mutton":1,"minecraft:cherry_planks":132,"minecraft:bone_meal":9,"minecraft:sand":320,"toolbelt:belt":1,"minecraft:dark_oak_planks":1,"minecraft:string":1,"minecraft:pink_petals":1,"minecraft:white_wool":4,"minecraft:smooth_basalt":3,"minecraft:bone":11,"minecraft:blackstone":640,"minecraft:anvil":1,"minecraft:moss_carpet":4,"minecraft:sweet_berries":6,"minecraft:iron_nugget":6,"minecraft:cobbled_deepslate":5,"minecraft:raw_iron":13,"minecraft:cherry_sapling":9,"minecraft:rotten_flesh":6,"minecraft:light_gray_wool":1,"minecraft:oak_planks":7,"minecraft:cherry_slab":1,"minecraft:poppy":2,"minecraft:tipped_arrow":3,"minecraft:gunpowder":2,"minecraft:peony":1,"minecraft:andesite":393,"minecraft:melon_seeds":1,"minecraft:oak_sapling":1,"minecraft:bamboo":10,"minecraft:spruce_log":1,"minecraft:arrow":1,"minecraft:bow":1,"minecraft:glass":35,"minecraft:magma_block":2}},"DataVersion":3465}