{"stats":{"minecraft:dropped":{"minecraft:enchanted_book":1,"minecraft:bread":1,"minecraft:wheat_seeds":18,"minecraft:diamond_axe":1,"minecraft:cherry_log":84,"minecraft:diamond":3,"minecraft:cobblestone":1487,"minecraft:lantern":1,"minecraft:jungle_planks":1,"minecraft:spruce_stairs":1,"minecraft:coal":2,"minecraft:item_frame":4,"minecraft:stick":2,"minecraft:flint":6,"minecraft:dirt":361,"minecraft:grass":1,"quark:clear_shard":10,"minecraft:mutton":1,"minecraft:cherry_planks":128,"minecraft:bone_meal":9,"minecraft:pink_petals":1,"minecraft:white_wool":4,"minecraft:bone":11,"minecraft:moss_carpet":4,"minecraft:sweet_berries":6,"minecraft:iron_nugget":6,"minecraft:raw_iron":13,"minecraft:cherry_sapling":9,"minecraft:rotten_flesh":5,"minecraft:light_gray_wool":1,"minecraft:oak_planks":7,"minecraft:cherry_slab":1,"minecraft:poppy":1,"minecraft:gunpowder":2,"minecraft:peony":1,"minecraft:melon_seeds":1,"minecraft:oak_sapling":1,"minecraft:bamboo":10,"minecraft:spruce_log":1,"minecraft:arrow":1,"minecraft:bow":1},"minecraft:killed":{"minecraft:spider":6,"minecraft:skeleton":24,"minecraft:horse":1,"minecraft:drowned":1,"minecraft:wolf":2,"minecraft:husk":2,"minecraft:wandering_trader":1,"mowziesmobs:umvuthana_follower_raptor":4,"minecraft:creeper":1,"minecraft:sheep":6,"minecraft:trader_llama":2,"minecraft:pillager":11,"minecraft:zombie":6,"minecraft:stray":9,"mowziesmobs:umvuthana_raptor":1,"minecraft:cow":4,"mowziesmobs:naga":1},"minecraft:custom":{"minecraft:mob_kills":87,"minecraft:interact_with_anvil":1,"minecraft:interact_with_crafting_table":26,"minecraft:open_barrel":36,"minecraft:bell_ring":1,"minecraft:leave_game":3,"minecraft:time_since_death":1075,"minecraft:climb_one_cm":2926,"minecraft:sprint_one_cm":699748,"minecraft:walk_one_cm":461126,"minecraft:damage_blocked_by_shield":435,"minecraft:drop":1120,"minecraft:damage_dealt_absorbed":36,"minecraft:talked_to_villager":1,"minecraft:play_time":223903,"minecraft:deaths":19,"minecraft:sneak_time":8822,"minecraft:walk_under_water_one_cm":15002,"minecraft:jump":7216,"minecraft:walk_on_water_one_cm":15365,"minecraft:total_world_time":223903,"minecraft:interact_with_furnace":9,"minecraft:sleep_in_bed":7,"minecraft:time_since_rest":860,"minecraft:damage_taken":9948,"minecraft:damage_absorbed":242,"minecraft:damage_dealt":16170,"minecraft:swim_one_cm":77799,"minecraft:fly_one_cm":1606037,"minecraft:player_kills":1,"minecraft:open_chest":33,"minecraft:crouch_one_cm":32871,"minecraft:fall_one_cm":257815},"minecraft:killed_by":{"minecraft:player":1,"minecraft:creeper":1,"minecraft:pillager":2,"minecraft:vindicator":1,"minecraft:skeleton":7,"minecraft:zombie":2},"minecraft:crafted":{"minecraft:cherry_planks":280,"minecraft:oak_planks":48,"simplyswords:diamond_greathammer":1,"minecraft:iron_nugget":9,"minecraft:cherry_slab":64,"minecraft:furnace":1,"minecraft:bone_meal":328,"minecraft:diamond_shovel":1,"minecraft:cooked_mutton":7,"minecraft:cherry_trapdoor":84,"minecraft:cherry_stairs":72,"minecraft:cherry_fence":75,"minecraft:wheat":576,"minecraft:cooked_beef":12,"minecraft:crafting_table":2,"minecraft:bread":192,"minecraft:air":0,"minecraft:stick":48,"minecraft:iron_block":3,"minecraft:anvil":1,"minecraft:shears":1},"minecraft:broken":{"minecraft:shears":1},"minecraft:picked_up":{"minecraft:crafting_table":2,"minecraft:anvil":1,"minecraft:enchanted_book":1,"minecraft:stripped_cherry_log":1,"minecraft:string":1,"minecraft:moss_carpet":4,"minecraft:item_frame":4,"minecraft:netherite_scrap":10,"minecraft:netherite_ingot":2,"minecraft:diamond_leggings":1,"minecraft:beef":12,"spartanshields:diamond_tower_shield":1,"immersive_melodies:trumpet":1,"minecraft:poppy":2,"minecraft:light_gray_wool":1,"hangglider:hang_glider":1,"minecraft:melon_slice":35,"minecraft:sugar_cane":4,"minecraft:cherry_trapdoor":15,"minecraft:tipped_arrow":3,"minecraft:stick":7,"minecraft:raw_iron":13,"minecraft:cherry_stairs":13,"minecraft:big_dripleaf":3,"minecraft:torch":76,"minecraft:spruce_stairs":1,"minecraft:cherry_log":219,"packedup:goldbackpack":1,"minecraft:dark_oak_planks":1,"quark:clear_shard":10,"minecraft:diamond_chestplate":1,"minecraft:arrow":108,"minecraft:rotten_flesh":5,"simplyswords:diamond_halberd":1,"minecraft:peony":1,"quark:hollow_cherry_log":11,"minecraft:diamond_boots":1,"minecraft:hay_block":65,"mowziesmobs:umvuthana_mask_bliss":1,"minecraft:gold_ingot":64,"minecraft:mutton":8,"minecraft:bone_block":18,"morebows:diamond_bow":1,"minecraft:white_wool":4,"minecraft:cobblestone":1532,"minecraft:pink_petals":174,"minecraft:feather":3,"minecraft:water_bucket":1,"minecraft:cherry_planks":764,"minecraft:cherry_leaves":164,"minecraft:leather":4,"minecraft:jungle_wood":1,"minecraft:flint":6,"minecraft:oak_log":12,"minecraft:cherry_fence":3,"minecraft:gunpowder":3,"minecraft:blue_bed":2,"minecraft:lantern":1,"minecraft:dirt":498,"minecraft:cooked_mutton":1,"minecraft:bone":44,"minecraft:bow":1,"minecraft:wheat_seeds":22,"minecraft:iron_ingot":65,"minecraft:diamond_helmet":1,"minecraft:bamboo":120,"minecraft:oak_planks":12,"minecraft:sweet_berries":6,"minecraft:sand":320,"minecraft:jungle_planks":1,"minecraft:spruce_log":1,"justhammers:diamond_hammer":1,"minecraft:cut_red_sandstone":1,"mowziesmobs:naga_fang":1,"minecraft:purple_bed":1,"minecraft:diamond":64,"minecraft:crossbow":1,"minecraft:bone_meal":2,"minecraft:diamond_axe":2,"minecraft:grass":1,"minecraft:cherry_sapling":28,"minecraft:golden_apple":32,"minecraft:emerald":3,"minecraft:bread":64,"minecraft:melon_seeds":1,"minecraft:oak_sapling":1,"minecraft:cherry_slab":10,"minecraft:coal":2,"minecraft:diamond_pickaxe":1},"minecraft:mined":{"minecraft:dark_oak_planks":1,"minecraft:cherry_log":223,"minecraft:jungle_leaves":1,"minecraft:cherry_sapling":3,"minecraft:stripped_cherry_log":1,"minecraft:cherry_trapdoor":16,"minecraft:grass_block":82,"minecraft:jungle_planks":3,"minecraft:spruce_leaves":2,"minecraft:hay_block":65,"minecraft:anvil":1,"minecraft:dirt_path":1,"minecraft:bamboo_sapling":4,"minecraft:bone_block":26,"minecraft:bamboo":18,"minecraft:stone":22,"minecraft:cherry_stairs":13,"minecraft:glass_pane":4,"minecraft:cherry_planks":26,"minecraft:crafting_table":2,"minecraft:torch":4,"minecraft:melon":7,"minecraft:glass":3,"quark:hollow_cherry_log":11,"minecraft:tall_grass":1,"minecraft:cobblestone":7,"minecraft:sugar_cane":2,"minecraft:oak_planks":17,"minecraft:blue_bed":2,"minecraft:wall_torch":2,"minecraft:cherry_slab":8,"minecraft:pink_petals":48,"minecraft:spruce_stairs":1,"minecraft:cherry_fence":3,"minecraft:purple_bed":1,"minecraft:jungle_wood":3,"minecraft:wheat":1,"minecraft:sweet_berry_bush":3,"minecraft:birch_leaves":1,"minecraft:grass":26,"minecraft:oak_log":12,"minecraft:cherry_leaves":238,"minecraft:sand":275,"minecraft:gravel":3,"minecraft:dirt":144,"minecraft:cut_red_sandstone":1,"minecraft:oak_leaves":7,"minecraft:fern":14},"minecraft:used":{"minecraft:cherry_sapling":19,"minecraft:poppy":1,"morebows:diamond_bow":24,"minecraft:cooked_salmon":2,"minecraft:torch":64,"minecraft:dirt":183,"minecraft:anvil":1,"minecraft:diamond_helmet":1,"minecraft:big_dripleaf":3,"minecraft:cherry_slab":73,"minecraft:cherry_trapdoor":99,"simplyswords:diamond_greathammer":3,"minecraft:cherry_leaves":164,"minecraft:bamboo":70,"minecraft:cooked_cod":4,"minecraft:furnace":1,"minecraft:cooked_beef":12,"minecraft:cherry_fence":72,"minecraft:cherry_log":66,"quark:hollow_cherry_log":11,"minecraft:cooked_mutton":3,"minecraft:water_bucket":53,"minecraft:oak_planks":23,"minecraft:cherry_planks":143,"simplyswords:diamond_halberd":230,"minecraft:blue_bed":1,"minecraft:diamond_axe":390,"minecraft:jungle_wood":1,"minecraft:golden_apple":6,"justhammers:diamond_hammer":279,"minecraft:crafting_table":4,"minecraft:shears":214,"minecraft:diamond_pickaxe":41,"minecraft:apple":6,"minecraft:diamond_shovel":392,"minecraft:melon_slice":19,"minecraft:bread":77,"spartanshields:diamond_tower_shield":7,"minecraft:cut_red_sandstone":1,"minecraft:pink_petals":173,"minecraft:cobblestone":118,"minecraft:cherry_stairs":85,"minecraft:purple_bed":1,"minecraft:bucket":53,"minecraft:diamond_leggings":1,"minecraft:bone_meal":129}},"DataVersion":3465}