{"stats":{"minecraft:custom":{"minecraft:interact_with_crafting_table":57,"minecraft:open_barrel":38,"minecraft:bell_ring":2,"minecraft:leave_game":5,"minecraft:time_since_death":73958,"minecraft:sprint_one_cm":1007019,"minecraft:damage_blocked_by_shield":435,"minecraft:drop":1254,"minecraft:talked_to_villager":1,"minecraft:play_time":341306,"minecraft:deaths":25,"minecraft:jump":9476,"minecraft:walk_on_water_one_cm":31669,"minecraft:interact_with_furnace":64,"minecraft:sleep_in_bed":11,"minecraft:waystone_activated":4,"minecraft:damage_dealt":25364,"minecraft:player_kills":4,"minecraft:crouch_one_cm":46069,"minecraft:interact_with_smoker":4,"minecraft:interact_with_smithing_table":7,"minecraft:mob_kills":109,"minecraft:interact_with_anvil":12,"minecraft:climb_one_cm":2926,"minecraft:walk_one_cm":721051,"minecraft:damage_dealt_absorbed":36,"minecraft:sneak_time":13286,"minecraft:walk_under_water_one_cm":20028,"minecraft:interact_with_blast_furnace":2,"minecraft:total_world_time":341306,"minecraft:interact_with_stonecutter":2,"minecraft:time_since_rest":73980,"minecraft:damage_taken":12893,"minecraft:damage_absorbed":604,"minecraft:swim_one_cm":92886,"minecraft:fly_one_cm":2012824,"minecraft:open_chest":110,"minecraft:fall_one_cm":333326},"minecraft:killed_by":{"minecraft:creeper":1,"minecraft:pillager":2,"minecraft:vindicator":2,"minecraft:zombie":2,"minecraft:player":2,"minecraft:skeleton":7},"minecraft:picked_up":{"minecraft:nether_brick_fence":4,"minecraft:anvil":4,"minecraft:enchanted_book":1,"minecraft:polished_deepslate_wall":3,"minecraft:amethyst_block":2,"minecraft:polished_deepslate":1,"minecraft:string":3,"minecraft:netherite_ingot":2,"minecraft:diamond_leggings":1,"minecraft:cobbled_deepslate":5,"spartanshields:diamond_tower_shield":1,"toolbelt:belt":1,"hangglider:hang_glider":1,"minecraft:melon_slice":35,"minecraft:tipped_arrow":3,"minecraft:stick":10,"minecraft:big_dripleaf":3,"minecraft:torch":81,"quark:cherry_chest":4,"minecraft:spruce_stairs":1,"minecraft:cherry_log":221,"minecraft:command_block":1,"minecraft:rotten_flesh":6,"quark:clear_shard":16,"quark:hollow_cherry_log":11,"minecraft:polished_basalt":7,"minecraft:waxed_cut_copper":1,"minecraft:obsidian":7,"minecraft:iron_bars":1,"cataclysm:stone_pillar":11,"morebows:diamond_bow":1,"minecraft:cobblestone":2035,"minecraft:pink_petals":174,"minecraft:magma_block":2,"minecraft:feather":3,"minecraft:repeater":1,"minecraft:cherry_planks":783,"minecraft:cherry_leaves":164,"minecraft:water_bucket":1,"minecraft:andesite":812,"minecraft:jungle_wood":1,"minecraft:flint":9,"minecraft:cherry_fence":3,"minecraft:wither_skeleton_skull":1,"minecraft:lantern":1,"minecraft:dirt":579,"minecraft:bone":44,"minecraft:bow":1,"minecraft:wheat_seeds":23,"minecraft:diamond_helmet":1,"minecraft:bamboo":120,"minecraft:oak_planks":12,"minecraft:jungle_planks":1,"minecraft:sand":640,"supplementaries:checker_block":5,"cataclysm:stone_tiles":22,"minecraft:diamond":64,"waystones:waystone":3,"minecraft:crossbow":2,"minecraft:grass":1,"minecraft:bone_meal":2,"minecraft:golden_apple":32,"minecraft:bread":65,"minecraft:emerald":3,"minecraft:oak_sapling":1,"minecraft:cherry_slab":10,"minecraft:diamond_pickaxe":1,"minecraft:crafting_table":3,"minecraft:stripped_cherry_log":1,"minecraft:chain":4,"minecraft:moss_carpet":4,"minecraft:netherite_scrap":10,"minecraft:item_frame":4,"minecraft:glass_pane":64,"minecraft:blackstone":1028,"minecraft:beef":12,"immersive_melodies:trumpet":1,"minecraft:poppy":3,"minecraft:light_gray_wool":1,"minecraft:sugar_cane":4,"minecraft:cherry_trapdoor":15,"minecraft:raw_iron":20,"minecraft:cherry_stairs":13,"packedup:goldbackpack":1,"minecraft:redstone":16,"minecraft:dark_oak_planks":1,"minecraft:arrow":108,"minecraft:diamond_chestplate":1,"simplyswords:diamond_halberd":1,"minecraft:peony":1,"minecraft:deepslate_bricks":45,"minecraft:diamond_boots":1,"minecraft:hay_block":65,"mowziesmobs:umvuthana_mask_bliss":1,"minecraft:gold_ingot":71,"minecraft:mutton":8,"minecraft:white_wool":4,"minecraft:bone_block":18,"minecraft:leather":6,"minecraft:oak_log":12,"minecraft:gunpowder":4,"minecraft:blue_bed":9,"minecraft:cooked_mutton":1,"minecraft:iron_ingot":78,"spelunkers_charm:geode":1,"minecraft:smooth_basalt":3,"minecraft:sweet_berries":6,"minecraft:quartz":1,"minecraft:gravel":38,"minecraft:amethyst_shard":20,"minecraft:white_bed":2,"minecraft:spruce_log":1,"minecraft:crying_obsidian":3,"justhammers:diamond_hammer":1,"minecraft:cut_red_sandstone":1,"mowziesmobs:naga_fang":1,"minecraft:purple_bed":1,"minecraft:diamond_axe":2,"minecraft:cherry_sapling":28,"minecraft:melon_seeds":1,"minecraft:coal":256,"minecraft:ender_pearl":5},"minecraft:used":{"minecraft:cherry_sapling":19,"minecraft:poppy":1,"quark:cherry_chest":4,"cataclysm:stone_tiles":11,"minecraft:big_dripleaf":3,"minecraft:glass":3,"minecraft:lava_bucket":2,"minecraft:cherry_leaves":164,"minecraft:furnace":1,"minecraft:cooked_cod":4,"quark:hollow_cherry_log":11,"minecraft:chorus_fruit":2,"minecraft:oak_planks":23,"minecraft:ender_pearl":4,"simplyswords:diamond_halberd":328,"minecraft:blue_bed":9,"minecraft:diamond_axe":410,"minecraft:golden_apple":16,"minecraft:shears":214,"waystones:waystone":3,"minecraft:bread":110,"minecraft:melon_slice":19,"spartanshields:diamond_tower_shield":7,"minecraft:cut_red_sandstone":1,"minecraft:gravel":6,"minecraft:andesite":69,"supplementaries:checker_block":4,"minecraft:bone_meal":129,"morebows:diamond_bow":45,"minecraft:cooked_salmon":2,"minecraft:torch":75,"minecraft:dirt":207,"minecraft:anvil":3,"minecraft:diamond_helmet":1,"minecraft:cherry_slab":88,"minecraft:cherry_trapdoor":99,"simplyswords:diamond_greathammer":3,"minecraft:bamboo":70,"minecraft:diamond_chestplate":1,"minecraft:cooked_beef":12,"minecraft:cherry_fence":72,"minecraft:cherry_log":66,"minecraft:cooked_mutton":3,"minecraft:water_bucket":66,"minecraft:cherry_planks":353,"minecraft:deepslate_bricks":7,"minecraft:jungle_wood":1,"minecraft:crafting_table":5,"justhammers:diamond_hammer":668,"minecraft:white_bed":2,"minecraft:diamond_pickaxe":228,"minecraft:apple":6,"minecraft:diamond_shovel":473,"minecraft:pink_petals":173,"minecraft:cobblestone":385,"minecraft:cherry_stairs":85,"minecraft:purple_bed":1,"minecraft:bucket":68,"minecraft:glass_pane":43,"minecraft:diamond_leggings":1},"minecraft:killed":{"cataclysm:the_prowler":1,"minecraft:spider":6,"minecraft:skeleton":24,"minecraft:wolf":2,"minecraft:creeper":2,"minecraft:sheep":6,"minecraft:trader_llama":2,"minecraft:pillager":13,"minecraft:zombie":9,"minecraft:stray":9,"mowziesmobs:umvuthana_raptor":1,"minecraft:cow":4,"mowziesmobs:naga":1,"minecraft:vindicator":1,"quark:toretoise":1,"minecraft:horse":1,"minecraft:drowned":1,"minecraft:husk":2,"cataclysm:the_watcher":11,"minecraft:wandering_trader":1,"mowziesmobs:umvuthana_follower_raptor":4},"minecraft:broken":{"minecraft:shears":1},"minecraft:crafted":{"minecraft:oak_planks":48,"minecraft:cherry_slab":82,"minecraft:diamond_shovel":1,"minecraft:cooked_mutton":7,"minecraft:glass":35,"minecraft:cherry_fence":75,"minecraft:crafting_table":3,"packedup:diamondbackpack":1,"minecraft:gold_block":1,"minecraft:stick":48,"minecraft:iron_block":3,"minecraft:shears":1,"minecraft:cherry_planks":280,"toolbelt:belt":1,"simplyswords:diamond_greathammer":1,"minecraft:iron_nugget":9,"minecraft:command_block":1,"minecraft:furnace":1,"minecraft:bone_meal":328,"minecraft:cherry_trapdoor":84,"minecraft:cherry_stairs":72,"minecraft:wheat":576,"minecraft:cooked_beef":19,"minecraft:bread":192,"minecraft:air":0,"minecraft:anvil":1},"minecraft:mined":{"minecraft:dark_oak_planks":1,"minecraft:white_bed":2,"quark:cherry_chest":4,"minecraft:cherry_log":223,"minecraft:jungle_leaves":1,"cataclysm:stone_tiles":8,"minecraft:obsidian":2,"minecraft:cherry_trapdoor":16,"minecraft:grass_block":104,"minecraft:fire":7,"supplementaries:checker_block":5,"minecraft:anvil":2,"minecraft:dirt_path":1,"minecraft:iron_bars":1,"minecraft:blackstone":6,"minecraft:amethyst_cluster":5,"minecraft:torch":7,"minecraft:melon":7,"minecraft:dead_bush":1,"minecraft:glass":6,"minecraft:nether_quartz_ore":1,"minecraft:cobblestone":26,"minecraft:sugar_cane":2,"minecraft:oak_planks":17,"minecraft:wall_torch":2,"minecraft:amethyst_block":1,"minecraft:cherry_slab":8,"minecraft:pink_petals":48,"minecraft:cherry_fence":3,"minecraft:jungle_wood":3,"minecraft:wheat":1,"minecraft:grass":26,"minecraft:oak_log":12,"minecraft:sand":275,"minecraft:dirt":173,"minecraft:wither_skeleton_skull":1,"minecraft:cut_red_sandstone":1,"minecraft:oak_leaves":7,"minecraft:cherry_sapling":3,"minecraft:stripped_cherry_log":1,"minecraft:jungle_planks":3,"minecraft:redstone_wire":1,"minecraft:spruce_leaves":2,"minecraft:hay_block":65,"minecraft:andesite":82,"minecraft:bamboo_sapling":4,"minecraft:bamboo":18,"minecraft:stone":68,"minecraft:bone_block":26,"minecraft:cherry_stairs":13,"minecraft:glass_pane":10,"minecraft:cherry_planks":44,"minecraft:crafting_table":3,"quark:hollow_cherry_log":11,"minecraft:tall_grass":1,"minecraft:blue_bed":9,"minecraft:spruce_stairs":1,"minecraft:purple_bed":1,"minecraft:sweet_berry_bush":3,"minecraft:birch_leaves":1,"minecraft:cherry_leaves":238,"minecraft:gravel":48,"minecraft:fern":14},"minecraft:dropped":{"minecraft:diamond_axe":1,"minecraft:cooked_beef":7,"minecraft:diamond":6,"minecraft:crossbow":1,"minecraft:lantern":1,"minecraft:leather":1,"minecraft:jungle_planks":1,"minecraft:item_frame":4,"minecraft:emerald":3,"minecraft:flint":7,"minecraft:dirt":361,"minecraft:grass":1,"minecraft:mutton":1,"minecraft:bone_meal":9,"minecraft:sand":320,"minecraft:dark_oak_planks":1,"toolbelt:belt":1,"minecraft:white_wool":4,"minecraft:bone":11,"minecraft:blackstone":1038,"minecraft:iron_nugget":6,"minecraft:cobbled_deepslate":5,"minecraft:cherry_sapling":9,"minecraft:rotten_flesh":6,"minecraft:oak_planks":7,"minecraft:poppy":2,"minecraft:tipped_arrow":3,"minecraft:gunpowder":2,"minecraft:melon_seeds":1,"minecraft:arrow":1,"minecraft:glass":35,"minecraft:crying_obsidian":1,"minecraft:quartz":1,"minecraft:enchanted_book":1,"minecraft:bread":56,"minecraft:wheat_seeds":20,"minecraft:cherry_log":86,"minecraft:feather":3,"minecraft:cobblestone":1487,"minecraft:amethyst_block":2,"cataclysm:stone_pillar":1,"minecraft:command_block":1,"minecraft:spruce_stairs":1,"minecraft:coal":7,"minecraft:stick":5,"quark:clear_shard":10,"minecraft:cherry_planks":132,"minecraft:string":1,"minecraft:pink_petals":1,"minecraft:smooth_basalt":3,"minecraft:anvil":1,"minecraft:moss_carpet":4,"minecraft:sweet_berries":6,"minecraft:raw_iron":13,"minecraft:light_gray_wool":1,"minecraft:cherry_slab":1,"minecraft:peony":1,"minecraft:andesite":393,"minecraft:oak_sapling":1,"minecraft:bamboo":10,"minecraft:spruce_log":1,"minecraft:bow":1,"minecraft:magma_block":2}},"DataVersion":3465}