{"stats":{"minecraft:killed":{"minecraft:wolf":2,"minecraft:spider":1,"minecraft:horse":1,"minecraft:sheep":5,"minecraft:skeleton":5,"minecraft:cow":4,"mowziesmobs:naga":1},"minecraft:killed_by":{"minecraft:player":1,"minecraft:skeleton":1},"minecraft:custom":{"minecraft:interact_with_anvil":1,"minecraft:mob_kills":19,"minecraft:interact_with_crafting_table":13,"minecraft:open_barrel":4,"minecraft:leave_game":2,"minecraft:time_since_death":15790,"minecraft:climb_one_cm":32,"minecraft:damage_absorbed":122,"minecraft:time_since_rest":15816,"minecraft:sprint_one_cm":203658,"minecraft:damage_taken":2460,"minecraft:walk_one_cm":147659,"minecraft:drop":20,"minecraft:damage_dealt":4010,"minecraft:damage_dealt_absorbed":33,"minecraft:swim_one_cm":24445,"minecraft:fly_one_cm":373985,"minecraft:player_kills":1,"minecraft:open_chest":5,"minecraft:crouch_one_cm":17782,"minecraft:play_time":62568,"minecraft:sneak_time":4248,"minecraft:deaths":5,"minecraft:walk_under_water_one_cm":11606,"minecraft:jump":1601,"minecraft:walk_on_water_one_cm":4855,"minecraft:total_world_time":62568,"minecraft:fall_one_cm":60128},"minecraft:used":{"quark:hollow_cherry_log":3,"minecraft:cherry_sapling":2,"minecraft:water_bucket":42,"minecraft:oak_planks":23,"morebows:diamond_bow":5,"minecraft:cherry_planks":104,"simplyswords:diamond_halberd":60,"minecraft:diamond_axe":271,"minecraft:torch":33,"minecraft:golden_apple":3,"minecraft:dirt":22,"minecraft:anvil":1,"minecraft:crafting_table":3,"minecraft:diamond_helmet":1,"minecraft:shears":214,"minecraft:diamond_pickaxe":3,"minecraft:cherry_slab":67,"minecraft:bread":31,"simplyswords:diamond_greathammer":3,"minecraft:bamboo":6,"minecraft:pink_petals":28,"minecraft:cherry_stairs":27,"minecraft:bucket":42,"minecraft:diamond_leggings":1,"minecraft:cherry_fence":59,"minecraft:cherry_log":64},"minecraft:mined":{"minecraft:cherry_planks":20,"minecraft:cherry_log":157,"minecraft:stripped_cherry_log":1,"minecraft:crafting_table":2,"minecraft:torch":2,"minecraft:grass_block":16,"quark:hollow_cherry_log":11,"minecraft:spruce_leaves":2,"minecraft:cherry_slab":8,"minecraft:pink_petals":37,"minecraft:cherry_fence":3,"minecraft:purple_bed":1,"minecraft:sweet_berry_bush":3,"minecraft:birch_leaves":1,"minecraft:anvil":1,"minecraft:grass":10,"minecraft:oak_log":12,"minecraft:cherry_leaves":225,"minecraft:cherry_stairs":13,"minecraft:bamboo":12,"minecraft:stone":1,"minecraft:oak_leaves":6,"minecraft:fern":2},"minecraft:picked_up":{"minecraft:pink_petals":106,"minecraft:crafting_table":2,"minecraft:cherry_planks":15,"minecraft:anvil":1,"minecraft:cherry_leaves":139,"minecraft:water_bucket":1,"minecraft:leather":4,"minecraft:stripped_cherry_log":1,"minecraft:oak_log":12,"minecraft:cherry_fence":3,"minecraft:dirt":26,"minecraft:moss_carpet":4,"minecraft:netherite_scrap":10,"minecraft:netherite_ingot":2,"minecraft:bone":7,"minecraft:wheat_seeds":4,"minecraft:diamond_leggings":1,"minecraft:beef":12,"minecraft:iron_ingot":64,"spartanshields:diamond_tower_shield":1,"immersive_melodies:trumpet":1,"minecraft:light_gray_wool":1,"minecraft:diamond_helmet":1,"minecraft:bamboo":110,"hangglider:hang_glider":1,"minecraft:stick":7,"minecraft:cherry_stairs":13,"minecraft:sweet_berries":6,"minecraft:torch":68,"minecraft:cherry_log":153,"packedup:goldbackpack":1,"minecraft:spruce_log":1,"justhammers:diamond_hammer":1,"mowziesmobs:naga_fang":1,"minecraft:diamond_chestplate":1,"minecraft:arrow":68,"minecraft:purple_bed":1,"minecraft:rotten_flesh":2,"simplyswords:diamond_halberd":1,"minecraft:diamond":64,"minecraft:peony":1,"quark:hollow_cherry_log":11,"minecraft:diamond_boots":1,"minecraft:diamond_axe":2,"minecraft:grass":1,"minecraft:cherry_sapling":11,"minecraft:golden_apple":32,"minecraft:bread":64,"minecraft:gold_ingot":64,"minecraft:cherry_slab":9,"minecraft:mutton":8,"morebows:diamond_bow":1,"minecraft:white_wool":4,"minecraft:cobblestone":1,"minecraft:diamond_pickaxe":1},"minecraft:dropped":{"minecraft:moss_carpet":3,"minecraft:wheat_seeds":1,"minecraft:diamond_axe":1,"minecraft:diamond":3,"minecraft:cobblestone":1,"minecraft:oak_planks":1,"minecraft:light_gray_wool":1,"minecraft:dirt":1,"minecraft:grass":1,"minecraft:mutton":1,"minecraft:spruce_log":1,"minecraft:pink_petals":1,"minecraft:white_wool":4},"minecraft:crafted":{"minecraft:cherry_planks":280,"minecraft:oak_planks":48,"simplyswords:diamond_greathammer":1,"minecraft:iron_nugget":9,"minecraft:crafting_table":1,"minecraft:cherry_slab":64,"minecraft:stick":44,"minecraft:cherry_stairs":32,"minecraft:iron_block":3,"minecraft:anvil":1,"minecraft:cherry_fence":75,"minecraft:shears":1},"minecraft:broken":{"minecraft:shears":1}},"DataVersion":3465}