{"stats":{"minecraft:broken":{"minecraft:shears":1},"minecraft:killed_by":{"minecraft:skeleton":1},"minecraft:used":{"quark:hollow_cherry_log":1,"minecraft:water_bucket":37,"minecraft:oak_planks":23,"morebows:diamond_bow":4,"simplyswords:diamond_halberd":47,"minecraft:diamond_axe":194,"minecraft:torch":2,"minecraft:golden_apple":3,"minecraft:dirt":1,"minecraft:anvil":1,"minecraft:crafting_table":3,"minecraft:diamond_helmet":1,"minecraft:shears":214,"minecraft:diamond_pickaxe":2,"minecraft:bread":21,"minecraft:bucket":37,"minecraft:cherry_log":1,"minecraft:diamond_leggings":1},"minecraft:custom":{"minecraft:interact_with_anvil":1,"minecraft:mob_kills":17,"minecraft:interact_with_crafting_table":7,"minecraft:open_barrel":4,"minecraft:leave_game":1,"minecraft:time_since_death":16554,"minecraft:climb_one_cm":32,"minecraft:time_since_rest":16583,"minecraft:sprint_one_cm":157818,"minecraft:walk_one_cm":85287,"minecraft:damage_taken":1532,"minecraft:damage_absorbed":122,"minecraft:drop":15,"minecraft:damage_dealt":3217,"minecraft:swim_one_cm":23564,"minecraft:fly_one_cm":308773,"minecraft:player_kills":1,"minecraft:open_chest":5,"minecraft:crouch_one_cm":2560,"minecraft:play_time":43411,"minecraft:sneak_time":1363,"minecraft:deaths":4,"minecraft:walk_under_water_one_cm":11333,"minecraft:jump":1151,"minecraft:walk_on_water_one_cm":4115,"minecraft:total_world_time":43411,"minecraft:fall_one_cm":42551},"minecraft:killed":{"minecraft:wolf":2,"minecraft:sheep":5,"minecraft:horse":1,"minecraft:skeleton":4,"minecraft:cow":4,"mowziesmobs:naga":1},"minecraft:crafted":{"minecraft:cherry_planks":280,"minecraft:oak_planks":48,"minecraft:crafting_table":1,"minecraft:stick":4,"minecraft:iron_block":3,"minecraft:anvil":1,"minecraft:cherry_fence":15,"minecraft:shears":1},"minecraft:dropped":{"minecraft:moss_carpet":3,"minecraft:wheat_seeds":1,"minecraft:cobblestone":1,"minecraft:light_gray_wool":1,"minecraft:dirt":1,"minecraft:grass":1,"minecraft:mutton":1,"minecraft:spruce_log":1,"minecraft:pink_petals":1,"minecraft:white_wool":4},"minecraft:picked_up":{"minecraft:pink_petals":79,"minecraft:crafting_table":2,"minecraft:cherry_leaves":139,"minecraft:anvil":1,"minecraft:water_bucket":1,"minecraft:leather":4,"minecraft:stripped_cherry_log":1,"minecraft:oak_log":12,"minecraft:dirt":2,"minecraft:moss_carpet":3,"minecraft:netherite_scrap":10,"minecraft:netherite_ingot":2,"minecraft:bone":2,"minecraft:wheat_seeds":1,"minecraft:diamond_leggings":1,"minecraft:iron_ingot":64,"minecraft:beef":12,"spartanshields:diamond_tower_shield":1,"immersive_melodies:trumpet":1,"minecraft:diamond_helmet":1,"minecraft:light_gray_wool":1,"minecraft:bamboo":110,"hangglider:hang_glider":1,"minecraft:stick":7,"minecraft:sweet_berries":6,"minecraft:torch":65,"minecraft:cherry_log":129,"packedup:goldbackpack":1,"minecraft:spruce_log":1,"mowziesmobs:naga_fang":1,"minecraft:arrow":67,"minecraft:purple_bed":1,"minecraft:diamond_chestplate":1,"simplyswords:diamond_halberd":1,"minecraft:diamond":64,"quark:hollow_cherry_log":5,"minecraft:diamond_boots":1,"minecraft:diamond_axe":1,"minecraft:grass":1,"minecraft:cherry_sapling":5,"minecraft:golden_apple":32,"minecraft:bread":64,"minecraft:gold_ingot":64,"minecraft:cobblestone":1,"minecraft:mutton":8,"morebows:diamond_bow":1,"minecraft:white_wool":4,"minecraft:diamond_pickaxe":1},"minecraft:mined":{"minecraft:cherry_log":133,"minecraft:stripped_cherry_log":1,"minecraft:crafting_table":2,"minecraft:grass_block":2,"quark:hollow_cherry_log":5,"minecraft:spruce_leaves":2,"minecraft:pink_petals":30,"minecraft:purple_bed":1,"minecraft:sweet_berry_bush":3,"minecraft:birch_leaves":1,"minecraft:anvil":1,"minecraft:grass":7,"minecraft:oak_log":12,"minecraft:cherry_leaves":224,"minecraft:bamboo":12,"minecraft:stone":1,"minecraft:oak_leaves":6}},"DataVersion":3465}