{"stats":{"minecraft:custom":{"minecraft:interact_with_smithing_table":7,"minecraft:interact_with_anvil":10,"minecraft:mob_kills":93,"minecraft:interact_with_crafting_table":52,"minecraft:open_barrel":36,"minecraft:bell_ring":1,"minecraft:leave_game":4,"minecraft:time_since_death":8286,"minecraft:climb_one_cm":2926,"minecraft:sprint_one_cm":840376,"minecraft:damage_blocked_by_shield":435,"minecraft:walk_one_cm":569981,"minecraft:drop":1185,"minecraft:damage_dealt_absorbed":36,"minecraft:talked_to_villager":1,"minecraft:play_time":275634,"minecraft:sneak_time":12482,"minecraft:deaths":25,"minecraft:walk_under_water_one_cm":15002,"minecraft:jump":8198,"minecraft:interact_with_blast_furnace":2,"minecraft:walk_on_water_one_cm":15775,"minecraft:total_world_time":275634,"minecraft:interact_with_furnace":48,"minecraft:interact_with_stonecutter":2,"minecraft:sleep_in_bed":11,"minecraft:time_since_rest":8308,"minecraft:waystone_activated":4,"minecraft:damage_taken":11899,"minecraft:damage_absorbed":322,"minecraft:damage_dealt":20201,"minecraft:swim_one_cm":77799,"minecraft:fly_one_cm":1784640,"minecraft:player_kills":4,"minecraft:open_chest":82,"minecraft:crouch_one_cm":44839,"minecraft:interact_with_smoker":2,"minecraft:fall_one_cm":297931},"minecraft:killed_by":{"minecraft:player":2,"minecraft:creeper":1,"minecraft:pillager":2,"minecraft:vindicator":2,"minecraft:skeleton":7,"minecraft:zombie":2},"minecraft:picked_up":{"minecraft:crafting_table":2,"minecraft:anvil":1,"minecraft:enchanted_book":1,"minecraft:stripped_cherry_log":1,"minecraft:string":1,"minecraft:moss_carpet":4,"minecraft:netherite_scrap":10,"minecraft:item_frame":4,"minecraft:netherite_ingot":2,"minecraft:glass_pane":64,"minecraft:diamond_leggings":1,"minecraft:beef":12,"spartanshields:diamond_tower_shield":1,"immersive_melodies:trumpet":1,"minecraft:poppy":3,"minecraft:light_gray_wool":1,"hangglider:hang_glider":1,"minecraft:melon_slice":35,"minecraft:sugar_cane":4,"minecraft:cherry_trapdoor":15,"minecraft:tipped_arrow":3,"minecraft:stick":10,"minecraft:raw_iron":13,"minecraft:cherry_stairs":13,"minecraft:big_dripleaf":3,"minecraft:torch":77,"quark:cherry_chest":4,"minecraft:spruce_stairs":1,"minecraft:cherry_log":221,"packedup:goldbackpack":1,"minecraft:dark_oak_planks":1,"minecraft:rotten_flesh":6,"minecraft:arrow":108,"minecraft:command_block":1,"quark:clear_shard":16,"minecraft:diamond_chestplate":1,"simplyswords:diamond_halberd":1,"minecraft:peony":1,"quark:hollow_cherry_log":11,"minecraft:diamond_boots":1,"minecraft:hay_block":65,"mowziesmobs:umvuthana_mask_bliss":1,"minecraft:gold_ingot":64,"minecraft:mutton":8,"minecraft:bone_block":18,"morebows:diamond_bow":1,"minecraft:white_wool":4,"minecraft:cobblestone":1672,"minecraft:pink_petals":174,"minecraft:feather":3,"minecraft:cherry_planks":769,"minecraft:cherry_leaves":164,"minecraft:water_bucket":1,"minecraft:leather":4,"minecraft:jungle_wood":1,"minecraft:flint":7,"minecraft:oak_log":12,"minecraft:cherry_fence":3,"minecraft:gunpowder":3,"minecraft:dirt":508,"minecraft:blue_bed":6,"minecraft:lantern":1,"minecraft:cooked_mutton":1,"minecraft:bone":44,"minecraft:bow":1,"minecraft:wheat_seeds":22,"minecraft:iron_ingot":65,"minecraft:diamond_helmet":1,"minecraft:bamboo":120,"minecraft:oak_planks":12,"minecraft:sweet_berries":6,"minecraft:gravel":7,"minecraft:sand":640,"minecraft:jungle_planks":1,"minecraft:spruce_log":1,"justhammers:diamond_hammer":1,"cataclysm:stone_tiles":20,"minecraft:cut_red_sandstone":1,"mowziesmobs:naga_fang":1,"minecraft:purple_bed":1,"minecraft:diamond":64,"waystones:waystone":3,"minecraft:crossbow":1,"minecraft:diamond_axe":2,"minecraft:cherry_sapling":28,"minecraft:bone_meal":2,"minecraft:grass":1,"minecraft:golden_apple":32,"minecraft:bread":65,"minecraft:emerald":3,"minecraft:oak_sapling":1,"minecraft:cherry_slab":10,"minecraft:melon_seeds":1,"minecraft:coal":239,"minecraft:ender_pearl":5,"minecraft:diamond_pickaxe":1},"minecraft:used":{"minecraft:cherry_sapling":19,"morebows:diamond_bow":38,"minecraft:poppy":1,"minecraft:cooked_salmon":2,"quark:cherry_chest":4,"minecraft:torch":69,"minecraft:dirt":185,"minecraft:anvil":1,"minecraft:diamond_helmet":1,"cataclysm:stone_tiles":11,"minecraft:big_dripleaf":3,"minecraft:glass":3,"minecraft:cherry_slab":88,"minecraft:cherry_trapdoor":99,"simplyswords:diamond_greathammer":3,"minecraft:cherry_leaves":164,"minecraft:bamboo":70,"minecraft:diamond_chestplate":1,"minecraft:cooked_cod":4,"minecraft:furnace":1,"minecraft:cooked_beef":12,"minecraft:cherry_fence":72,"minecraft:cherry_log":66,"quark:hollow_cherry_log":11,"minecraft:cooked_mutton":3,"minecraft:water_bucket":55,"minecraft:chorus_fruit":1,"minecraft:oak_planks":23,"minecraft:ender_pearl":4,"minecraft:cherry_planks":340,"simplyswords:diamond_halberd":275,"minecraft:blue_bed":6,"minecraft:diamond_axe":399,"minecraft:golden_apple":9,"minecraft:jungle_wood":1,"justhammers:diamond_hammer":308,"minecraft:crafting_table":4,"minecraft:shears":214,"waystones:waystone":3,"minecraft:diamond_pickaxe":83,"minecraft:apple":6,"minecraft:diamond_shovel":397,"minecraft:melon_slice":19,"minecraft:bread":93,"spartanshields:diamond_tower_shield":7,"minecraft:cut_red_sandstone":1,"minecraft:gravel":6,"minecraft:pink_petals":173,"minecraft:purple_bed":1,"minecraft:cherry_stairs":85,"minecraft:cobblestone":267,"minecraft:bucket":55,"minecraft:glass_pane":43,"minecraft:diamond_leggings":1,"minecraft:bone_meal":129},"minecraft:killed":{"minecraft:spider":6,"minecraft:skeleton":24,"minecraft:horse":1,"minecraft:drowned":1,"minecraft:wolf":2,"minecraft:husk":2,"minecraft:wandering_trader":1,"mowziesmobs:umvuthana_follower_raptor":4,"minecraft:creeper":2,"minecraft:sheep":6,"minecraft:trader_llama":2,"minecraft:pillager":11,"minecraft:zombie":9,"minecraft:stray":9,"mowziesmobs:umvuthana_raptor":1,"minecraft:cow":4,"mowziesmobs:naga":1},"minecraft:broken":{"minecraft:shears":1},"minecraft:crafted":{"minecraft:cherry_planks":280,"minecraft:oak_planks":48,"simplyswords:diamond_greathammer":1,"minecraft:iron_nugget":9,"minecraft:cherry_slab":82,"minecraft:command_block":1,"minecraft:furnace":1,"minecraft:bone_meal":328,"minecraft:diamond_shovel":1,"minecraft:cooked_mutton":7,"minecraft:cherry_trapdoor":84,"minecraft:glass":35,"minecraft:cherry_stairs":72,"minecraft:cherry_fence":75,"minecraft:wheat":576,"minecraft:cooked_beef":12,"packedup:diamondbackpack":1,"minecraft:crafting_table":2,"minecraft:gold_block":1,"minecraft:bread":192,"minecraft:air":0,"minecraft:stick":48,"minecraft:iron_block":3,"minecraft:anvil":1,"minecraft:shears":1},"minecraft:mined":{"minecraft:dark_oak_planks":1,"quark:cherry_chest":4,"minecraft:cherry_log":223,"minecraft:cherry_sapling":3,"minecraft:jungle_leaves":1,"minecraft:stripped_cherry_log":1,"cataclysm:stone_tiles":8,"minecraft:cherry_trapdoor":16,"minecraft:grass_block":82,"minecraft:jungle_planks":3,"minecraft:spruce_leaves":2,"minecraft:hay_block":65,"minecraft:anvil":1,"minecraft:dirt_path":1,"minecraft:bamboo_sapling":4,"minecraft:bamboo":18,"minecraft:stone":38,"minecraft:cherry_stairs":13,"minecraft:bone_block":26,"minecraft:glass_pane":9,"minecraft:cherry_planks":31,"minecraft:torch":4,"minecraft:crafting_table":2,"minecraft:melon":7,"minecraft:dead_bush":1,"minecraft:glass":6,"quark:hollow_cherry_log":11,"minecraft:tall_grass":1,"minecraft:cobblestone":19,"minecraft:oak_planks":17,"minecraft:sugar_cane":2,"minecraft:blue_bed":6,"minecraft:wall_torch":2,"minecraft:cherry_slab":8,"minecraft:pink_petals":48,"minecraft:spruce_stairs":1,"minecraft:cherry_fence":3,"minecraft:purple_bed":1,"minecraft:jungle_wood":3,"minecraft:sweet_berry_bush":3,"minecraft:wheat":1,"minecraft:birch_leaves":1,"minecraft:grass":26,"minecraft:oak_log":12,"minecraft:cherry_leaves":238,"minecraft:gravel":16,"minecraft:sand":275,"minecraft:dirt":149,"minecraft:cut_red_sandstone":1,"minecraft:oak_leaves":7,"minecraft:fern":14},"minecraft:dropped":{"minecraft:enchanted_book":1,"minecraft:bread":38,"minecraft:wheat_seeds":20,"minecraft:diamond_axe":1,"minecraft:cherry_log":86,"minecraft:diamond":6,"minecraft:crossbow":1,"minecraft:feather":3,"minecraft:cobblestone":1487,"minecraft:lantern":1,"minecraft:leather":1,"minecraft:jungle_planks":1,"minecraft:command_block":1,"minecraft:spruce_stairs":1,"minecraft:coal":7,"minecraft:item_frame":4,"minecraft:stick":5,"minecraft:flint":7,"minecraft:emerald":3,"minecraft:dirt":361,"minecraft:grass":1,"quark:clear_shard":10,"minecraft:mutton":1,"minecraft:cherry_planks":131,"minecraft:bone_meal":9,"minecraft:sand":320,"minecraft:dark_oak_planks":1,"minecraft:string":1,"minecraft:pink_petals":1,"minecraft:white_wool":4,"minecraft:bone":11,"minecraft:moss_carpet":4,"minecraft:sweet_berries":6,"minecraft:iron_nugget":6,"minecraft:raw_iron":13,"minecraft:cherry_sapling":9,"minecraft:rotten_flesh":6,"minecraft:light_gray_wool":1,"minecraft:oak_planks":7,"minecraft:cherry_slab":1,"minecraft:poppy":2,"minecraft:tipped_arrow":3,"minecraft:gunpowder":2,"minecraft:peony":1,"minecraft:melon_seeds":1,"minecraft:oak_sapling":1,"minecraft:bamboo":10,"minecraft:spruce_log":1,"minecraft:arrow":1,"minecraft:bow":1,"minecraft:glass":35}},"DataVersion":3465}