{"stats":{"minecraft:killed":{"minecraft:wolf":2,"minecraft:spider":2,"minecraft:creeper":1,"minecraft:horse":1,"minecraft:sheep":5,"minecraft:skeleton":7,"minecraft:zombie":2,"minecraft:drowned":1,"minecraft:cow":4,"mowziesmobs:naga":1},"minecraft:killed_by":{"minecraft:player":1,"minecraft:skeleton":1},"minecraft:custom":{"minecraft:interact_with_anvil":1,"minecraft:mob_kills":26,"minecraft:interact_with_crafting_table":17,"minecraft:open_barrel":4,"minecraft:leave_game":2,"minecraft:time_since_death":39790,"minecraft:climb_one_cm":32,"minecraft:damage_absorbed":122,"minecraft:time_since_rest":39816,"minecraft:sprint_one_cm":253071,"minecraft:damage_taken":2630,"minecraft:walk_one_cm":192956,"minecraft:drop":50,"minecraft:damage_dealt":5000,"minecraft:damage_dealt_absorbed":33,"minecraft:swim_one_cm":24445,"minecraft:fly_one_cm":497713,"minecraft:player_kills":1,"minecraft:open_chest":5,"minecraft:crouch_one_cm":26338,"minecraft:play_time":86568,"minecraft:sneak_time":6804,"minecraft:deaths":5,"minecraft:walk_under_water_one_cm":11606,"minecraft:jump":2164,"minecraft:walk_on_water_one_cm":4855,"minecraft:total_world_time":86568,"minecraft:fall_one_cm":79368},"minecraft:used":{"quark:hollow_cherry_log":3,"minecraft:cherry_sapling":2,"minecraft:water_bucket":42,"minecraft:oak_planks":23,"morebows:diamond_bow":13,"minecraft:cherry_planks":108,"simplyswords:diamond_halberd":74,"minecraft:diamond_axe":327,"minecraft:torch":42,"minecraft:golden_apple":3,"minecraft:dirt":22,"minecraft:anvil":1,"justhammers:diamond_hammer":139,"minecraft:crafting_table":3,"minecraft:diamond_helmet":1,"minecraft:shears":214,"minecraft:diamond_pickaxe":4,"minecraft:cherry_slab":68,"minecraft:bread":38,"minecraft:cherry_trapdoor":69,"simplyswords:diamond_greathammer":3,"minecraft:cobblestone":97,"minecraft:bamboo":6,"minecraft:pink_petals":28,"minecraft:cherry_stairs":27,"minecraft:bucket":42,"minecraft:diamond_leggings":1,"minecraft:cherry_fence":61,"minecraft:cherry_log":66},"minecraft:mined":{"minecraft:cherry_planks":21,"minecraft:cherry_log":201,"minecraft:stripped_cherry_log":1,"minecraft:cherry_trapdoor":11,"minecraft:crafting_table":2,"minecraft:torch":4,"minecraft:grass_block":20,"quark:hollow_cherry_log":11,"minecraft:cobblestone":3,"minecraft:spruce_leaves":2,"minecraft:wall_torch":2,"minecraft:cherry_slab":8,"minecraft:pink_petals":37,"minecraft:cherry_fence":3,"minecraft:purple_bed":1,"minecraft:sweet_berry_bush":3,"minecraft:birch_leaves":1,"minecraft:anvil":1,"minecraft:grass":13,"minecraft:oak_log":12,"minecraft:cherry_leaves":225,"minecraft:dirt":53,"minecraft:cherry_stairs":13,"minecraft:bamboo":12,"minecraft:stone":14,"minecraft:oak_leaves":6,"minecraft:fern":2},"minecraft:picked_up":{"minecraft:pink_petals":106,"minecraft:crafting_table":2,"minecraft:cherry_planks":758,"minecraft:anvil":1,"minecraft:cherry_leaves":139,"minecraft:water_bucket":1,"minecraft:leather":4,"minecraft:stripped_cherry_log":1,"minecraft:oak_log":12,"minecraft:cherry_fence":3,"minecraft:gunpowder":1,"minecraft:dirt":64,"minecraft:moss_carpet":4,"minecraft:netherite_scrap":10,"minecraft:netherite_ingot":2,"minecraft:bone":9,"minecraft:wheat_seeds":6,"minecraft:diamond_leggings":1,"minecraft:beef":12,"minecraft:iron_ingot":64,"spartanshields:diamond_tower_shield":1,"immersive_melodies:trumpet":1,"minecraft:light_gray_wool":1,"minecraft:diamond_helmet":1,"minecraft:bamboo":110,"hangglider:hang_glider":1,"minecraft:cherry_trapdoor":10,"minecraft:raw_iron":1,"minecraft:stick":7,"minecraft:cherry_stairs":13,"minecraft:sweet_berries":6,"minecraft:torch":72,"minecraft:cherry_log":197,"packedup:goldbackpack":1,"minecraft:spruce_log":1,"justhammers:diamond_hammer":1,"mowziesmobs:naga_fang":1,"minecraft:diamond_chestplate":1,"minecraft:arrow":72,"minecraft:purple_bed":1,"minecraft:rotten_flesh":3,"simplyswords:diamond_halberd":1,"minecraft:diamond":64,"minecraft:peony":1,"quark:hollow_cherry_log":11,"minecraft:coal":2,"minecraft:diamond_boots":1,"minecraft:diamond_axe":2,"minecraft:grass":1,"minecraft:cherry_sapling":11,"minecraft:golden_apple":32,"minecraft:bread":64,"minecraft:gold_ingot":64,"minecraft:cherry_slab":9,"minecraft:mutton":8,"morebows:diamond_bow":1,"minecraft:white_wool":4,"minecraft:cobblestone":723,"minecraft:diamond_pickaxe":1},"minecraft:dropped":{"minecraft:sweet_berries":6,"minecraft:moss_carpet":4,"minecraft:wheat_seeds":4,"minecraft:diamond_axe":1,"minecraft:iron_nugget":6,"minecraft:diamond":3,"minecraft:cherry_sapling":9,"minecraft:cobblestone":1,"minecraft:rotten_flesh":2,"minecraft:oak_planks":1,"minecraft:light_gray_wool":1,"minecraft:dirt":4,"minecraft:grass":1,"minecraft:peony":1,"minecraft:mutton":1,"minecraft:spruce_log":1,"minecraft:bone":7,"minecraft:pink_petals":1,"minecraft:white_wool":4},"minecraft:crafted":{"minecraft:cherry_planks":280,"minecraft:oak_planks":48,"simplyswords:diamond_greathammer":1,"minecraft:iron_nugget":9,"minecraft:crafting_table":1,"minecraft:cherry_slab":64,"minecraft:cherry_trapdoor":84,"minecraft:stick":44,"minecraft:cherry_stairs":32,"minecraft:iron_block":3,"minecraft:anvil":1,"minecraft:cherry_fence":75,"minecraft:shears":1},"minecraft:broken":{"minecraft:shears":1}},"DataVersion":3465}