{"stats":{"minecraft:killed":{"minecraft:spider":2,"minecraft:skeleton":10,"minecraft:horse":1,"minecraft:drowned":1,"minecraft:wolf":2,"minecraft:creeper":1,"minecraft:sheep":5,"minecraft:zombie":3,"minecraft:cow":4,"mowziesmobs:naga":1},"minecraft:killed_by":{"minecraft:player":1,"minecraft:skeleton":7,"minecraft:zombie":2},"minecraft:custom":{"minecraft:mob_kills":31,"minecraft:interact_with_anvil":1,"minecraft:interact_with_crafting_table":23,"minecraft:open_barrel":5,"minecraft:leave_game":2,"minecraft:time_since_death":9844,"minecraft:climb_one_cm":806,"minecraft:sprint_one_cm":349592,"minecraft:walk_one_cm":274330,"minecraft:damage_blocked_by_shield":120,"minecraft:drop":1068,"minecraft:damage_dealt_absorbed":36,"minecraft:play_time":122568,"minecraft:deaths":13,"minecraft:sneak_time":7795,"minecraft:walk_under_water_one_cm":11863,"minecraft:jump":3087,"minecraft:walk_on_water_one_cm":5949,"minecraft:total_world_time":122568,"minecraft:sleep_in_bed":1,"minecraft:time_since_rest":1509,"minecraft:damage_taken":5804,"minecraft:damage_absorbed":122,"minecraft:damage_dealt":5820,"minecraft:swim_one_cm":25016,"minecraft:fly_one_cm":677844,"minecraft:player_kills":1,"minecraft:open_chest":11,"minecraft:crouch_one_cm":30408,"minecraft:fall_one_cm":116975},"minecraft:used":{"minecraft:cherry_sapling":2,"minecraft:poppy":1,"morebows:diamond_bow":18,"minecraft:torch":50,"minecraft:dirt":129,"minecraft:anvil":1,"minecraft:diamond_helmet":1,"minecraft:cherry_slab":72,"minecraft:cherry_trapdoor":73,"simplyswords:diamond_greathammer":3,"minecraft:bamboo":8,"minecraft:cherry_fence":61,"minecraft:cherry_log":66,"quark:hollow_cherry_log":3,"minecraft:water_bucket":45,"minecraft:oak_planks":23,"minecraft:cherry_planks":143,"simplyswords:diamond_halberd":87,"minecraft:diamond_axe":350,"minecraft:golden_apple":3,"minecraft:crafting_table":3,"justhammers:diamond_hammer":243,"minecraft:shears":214,"minecraft:diamond_pickaxe":12,"minecraft:diamond_shovel":77,"minecraft:bread":57,"spartanshields:diamond_tower_shield":2,"minecraft:pink_petals":128,"minecraft:cobblestone":117,"minecraft:cherry_stairs":85,"minecraft:purple_bed":1,"minecraft:bucket":45,"minecraft:diamond_leggings":1},"minecraft:mined":{"minecraft:cherry_log":201,"minecraft:stripped_cherry_log":1,"minecraft:cherry_trapdoor":15,"minecraft:grass_block":68,"minecraft:jungle_planks":3,"minecraft:spruce_leaves":2,"minecraft:anvil":1,"minecraft:dirt_path":1,"minecraft:bamboo":13,"minecraft:stone":20,"minecraft:cherry_stairs":13,"minecraft:cherry_planks":26,"minecraft:crafting_table":2,"minecraft:torch":4,"quark:hollow_cherry_log":11,"minecraft:cobblestone":7,"minecraft:oak_planks":10,"minecraft:wall_torch":2,"minecraft:cherry_slab":8,"minecraft:pink_petals":48,"minecraft:cherry_fence":3,"minecraft:purple_bed":1,"minecraft:sweet_berry_bush":3,"minecraft:birch_leaves":1,"minecraft:grass":17,"minecraft:oak_log":12,"minecraft:cherry_leaves":225,"minecraft:gravel":3,"minecraft:dirt":112,"minecraft:oak_leaves":6,"minecraft:fern":2},"minecraft:picked_up":{"minecraft:crafting_table":2,"minecraft:anvil":1,"minecraft:stripped_cherry_log":1,"minecraft:moss_carpet":4,"minecraft:netherite_scrap":10,"minecraft:netherite_ingot":2,"minecraft:diamond_leggings":1,"minecraft:beef":12,"spartanshields:diamond_tower_shield":1,"immersive_melodies:trumpet":1,"minecraft:poppy":2,"minecraft:light_gray_wool":1,"hangglider:hang_glider":1,"minecraft:cherry_trapdoor":14,"minecraft:stick":7,"minecraft:raw_iron":13,"minecraft:cherry_stairs":13,"minecraft:torch":73,"minecraft:cherry_log":197,"packedup:goldbackpack":1,"minecraft:rotten_flesh":3,"minecraft:arrow":73,"minecraft:diamond_chestplate":1,"simplyswords:diamond_halberd":1,"minecraft:peony":1,"quark:hollow_cherry_log":11,"minecraft:diamond_boots":1,"minecraft:gold_ingot":64,"minecraft:mutton":8,"morebows:diamond_bow":1,"minecraft:white_wool":4,"minecraft:cobblestone":1376,"minecraft:pink_petals":139,"minecraft:water_bucket":1,"minecraft:cherry_planks":764,"minecraft:cherry_leaves":139,"minecraft:leather":4,"minecraft:flint":6,"minecraft:oak_log":12,"minecraft:cherry_fence":3,"minecraft:gunpowder":1,"minecraft:dirt":339,"minecraft:bone":11,"minecraft:wheat_seeds":11,"minecraft:iron_ingot":64,"minecraft:diamond_helmet":1,"minecraft:bamboo":112,"minecraft:oak_planks":10,"minecraft:sweet_berries":6,"minecraft:jungle_planks":1,"minecraft:spruce_log":1,"justhammers:diamond_hammer":1,"mowziesmobs:naga_fang":1,"minecraft:purple_bed":1,"minecraft:diamond":64,"minecraft:diamond_axe":2,"minecraft:cherry_sapling":11,"minecraft:grass":1,"minecraft:golden_apple":32,"minecraft:bread":64,"minecraft:cherry_slab":9,"minecraft:coal":2,"minecraft:diamond_pickaxe":1},"minecraft:dropped":{"minecraft:bread":1,"minecraft:wheat_seeds":6,"minecraft:diamond_axe":1,"minecraft:diamond":3,"minecraft:cobblestone":868,"minecraft:jungle_planks":1,"minecraft:coal":2,"minecraft:stick":2,"minecraft:dirt":13,"minecraft:grass":1,"minecraft:mutton":1,"minecraft:cherry_planks":128,"minecraft:pink_petals":1,"minecraft:white_wool":4,"minecraft:bone":11,"minecraft:moss_carpet":4,"minecraft:sweet_berries":6,"minecraft:iron_nugget":6,"minecraft:cherry_sapling":9,"minecraft:rotten_flesh":3,"minecraft:light_gray_wool":1,"minecraft:oak_planks":1,"minecraft:poppy":1,"minecraft:peony":1,"minecraft:spruce_log":1,"minecraft:arrow":1},"minecraft:crafted":{"minecraft:cherry_planks":280,"minecraft:oak_planks":48,"simplyswords:diamond_greathammer":1,"minecraft:iron_nugget":9,"minecraft:cherry_slab":64,"minecraft:diamond_shovel":1,"minecraft:cherry_trapdoor":84,"minecraft:cherry_stairs":72,"minecraft:cherry_fence":75,"minecraft:crafting_table":1,"minecraft:stick":48,"minecraft:iron_block":3,"minecraft:anvil":1,"minecraft:shears":1},"minecraft:broken":{"minecraft:shears":1}},"DataVersion":3465}