{"stats":{"minecraft:used":{"minecraft:bread":2,"minecraft:diamond_helmet":1,"simplyswords:diamond_halberd":4,"minecraft:diamond_leggings":1},"minecraft:killed":{"minecraft:skeleton":1,"minecraft:wolf":1},"minecraft:custom":{"minecraft:time_since_rest":6408,"minecraft:crouch_one_cm":191,"minecraft:damage_taken":44,"minecraft:play_time":7411,"minecraft:sprint_one_cm":21169,"minecraft:walk_one_cm":18434,"minecraft:deaths":1,"minecraft:sneak_time":102,"minecraft:mob_kills":2,"minecraft:jump":104,"minecraft:damage_dealt":281,"minecraft:leave_game":1,"minecraft:walk_on_water_one_cm":189,"minecraft:time_since_death":6384,"minecraft:total_world_time":7411,"minecraft:fly_one_cm":19094,"minecraft:fall_one_cm":1976},"minecraft:picked_up":{"minecraft:bone":2,"minecraft:netherite_scrap":10,"minecraft:netherite_ingot":2,"minecraft:arrow":65,"minecraft:diamond_chestplate":1,"minecraft:water_bucket":1,"simplyswords:diamond_halberd":1,"minecraft:diamond":64,"minecraft:diamond_leggings":1,"minecraft:torch":64,"minecraft:diamond_boots":1,"minecraft:iron_ingot":64,"minecraft:diamond_axe":1,"spartanshields:diamond_tower_shield":1,"immersive_melodies:trumpet":1,"minecraft:gold_ingot":64,"minecraft:bread":64,"packedup:goldbackpack":1,"minecraft:diamond_helmet":1,"minecraft:spruce_log":1,"hangglider:hang_glider":1,"morebows:diamond_bow":1,"minecraft:diamond_pickaxe":1}},"DataVersion":3465}