{"stats":{"minecraft:used":{"minecraft:water_bucket":35,"minecraft:diamond_pickaxe":1,"minecraft:bread":8,"simplyswords:diamond_halberd":26,"minecraft:diamond_axe":17,"minecraft:torch":2,"minecraft:dirt":1,"minecraft:bucket":35,"minecraft:diamond_helmet":1,"minecraft:diamond_leggings":1},"minecraft:killed":{"minecraft:sheep":5,"minecraft:skeleton":2,"minecraft:wolf":2,"minecraft:cow":4},"minecraft:custom":{"minecraft:time_since_rest":7486,"minecraft:sprint_one_cm":80266,"minecraft:damage_taken":289,"minecraft:walk_one_cm":37353,"minecraft:mob_kills":13,"minecraft:drop":5,"minecraft:damage_dealt":1572,"minecraft:swim_one_cm":1109,"minecraft:player_kills":1,"minecraft:fly_one_cm":116322,"minecraft:walk_under_water_one_cm":9380,"minecraft:crouch_one_cm":755,"minecraft:play_time":19411,"minecraft:deaths":2,"minecraft:sneak_time":511,"minecraft:jump":516,"minecraft:leave_game":1,"minecraft:time_since_death":7462,"minecraft:walk_on_water_one_cm":1683,"minecraft:total_world_time":19411,"minecraft:fall_one_cm":13778},"minecraft:picked_up":{"minecraft:water_bucket":1,"minecraft:leather":4,"minecraft:torch":65,"minecraft:oak_log":12,"packedup:goldbackpack":1,"minecraft:spruce_log":1,"minecraft:dirt":2,"minecraft:purple_bed":1,"minecraft:netherite_scrap":10,"minecraft:netherite_ingot":2,"minecraft:arrow":66,"minecraft:bone":2,"minecraft:diamond_chestplate":1,"simplyswords:diamond_halberd":1,"minecraft:diamond":64,"minecraft:diamond_leggings":1,"minecraft:wheat_seeds":1,"minecraft:diamond_boots":1,"minecraft:beef":12,"minecraft:iron_ingot":64,"minecraft:diamond_axe":1,"spartanshields:diamond_tower_shield":1,"immersive_melodies:trumpet":1,"minecraft:gold_ingot":64,"minecraft:bread":64,"minecraft:light_gray_wool":1,"minecraft:diamond_helmet":1,"hangglider:hang_glider":1,"minecraft:mutton":8,"morebows:diamond_bow":1,"minecraft:white_wool":4,"minecraft:cobblestone":1,"minecraft:diamond_pickaxe":1},"minecraft:dropped":{"minecraft:dirt":1,"minecraft:wheat_seeds":1,"minecraft:mutton":1,"minecraft:light_gray_wool":1,"minecraft:spruce_log":1},"minecraft:mined":{"minecraft:purple_bed":1,"minecraft:birch_leaves":1,"minecraft:oak_log":12,"minecraft:grass_block":2,"minecraft:stone":1,"minecraft:spruce_leaves":2,"minecraft:oak_leaves":5}},"DataVersion":3465}