{"stats":{"minecraft:killed_by":{"minecraft:skeleton":1},"minecraft:used":{"minecraft:water_bucket":37,"minecraft:diamond_pickaxe":1,"minecraft:bread":16,"morebows:diamond_bow":4,"simplyswords:diamond_halberd":47,"minecraft:diamond_axe":17,"minecraft:golden_apple":3,"minecraft:torch":2,"minecraft:dirt":1,"minecraft:bucket":37,"minecraft:diamond_helmet":1,"minecraft:diamond_leggings":1},"minecraft:killed":{"minecraft:horse":1,"minecraft:sheep":5,"minecraft:skeleton":4,"minecraft:wolf":2,"mowziesmobs:naga":1,"minecraft:cow":4},"minecraft:custom":{"minecraft:time_since_rest":4583,"minecraft:damage_absorbed":122,"minecraft:sprint_one_cm":126473,"minecraft:damage_taken":1390,"minecraft:walk_one_cm":55130,"minecraft:mob_kills":17,"minecraft:drop":5,"minecraft:damage_dealt":3207,"minecraft:swim_one_cm":23564,"minecraft:player_kills":1,"minecraft:fly_one_cm":265195,"minecraft:open_barrel":4,"minecraft:open_chest":5,"minecraft:walk_under_water_one_cm":11333,"minecraft:crouch_one_cm":1210,"minecraft:play_time":31411,"minecraft:deaths":4,"minecraft:sneak_time":721,"minecraft:jump":928,"minecraft:leave_game":1,"minecraft:time_since_death":4554,"minecraft:walk_on_water_one_cm":4115,"minecraft:total_world_time":31411,"minecraft:fall_one_cm":35681},"minecraft:dropped":{"minecraft:dirt":1,"minecraft:wheat_seeds":1,"minecraft:mutton":1,"minecraft:light_gray_wool":1,"minecraft:spruce_log":1},"minecraft:picked_up":{"minecraft:stick":2,"minecraft:sweet_berries":6,"minecraft:water_bucket":1,"minecraft:leather":4,"minecraft:torch":65,"minecraft:oak_log":12,"packedup:goldbackpack":1,"minecraft:spruce_log":1,"minecraft:dirt":2,"mowziesmobs:naga_fang":1,"minecraft:purple_bed":1,"minecraft:netherite_scrap":10,"minecraft:netherite_ingot":2,"minecraft:arrow":67,"minecraft:bone":2,"minecraft:diamond_chestplate":1,"simplyswords:diamond_halberd":1,"minecraft:diamond":64,"minecraft:diamond_leggings":1,"minecraft:wheat_seeds":1,"minecraft:golden_apple":32,"minecraft:diamond_boots":1,"minecraft:beef":12,"minecraft:iron_ingot":64,"minecraft:diamond_axe":1,"spartanshields:diamond_tower_shield":1,"immersive_melodies:trumpet":1,"minecraft:gold_ingot":64,"minecraft:bread":64,"minecraft:light_gray_wool":1,"minecraft:diamond_helmet":1,"hangglider:hang_glider":1,"minecraft:mutton":8,"morebows:diamond_bow":1,"minecraft:white_wool":4,"minecraft:cobblestone":1,"minecraft:diamond_pickaxe":1},"minecraft:mined":{"minecraft:purple_bed":1,"minecraft:sweet_berry_bush":3,"minecraft:birch_leaves":1,"minecraft:oak_log":12,"minecraft:grass_block":2,"minecraft:stone":1,"minecraft:spruce_leaves":2,"minecraft:oak_leaves":6}},"DataVersion":3465}