{"stats":{"minecraft:dropped":{"minecraft:iron_ingot":1,"minecraft:water_bucket":1,"justhammers:diamond_hammer":1,"minecraft:white_tulip":1,"minecraft:moss_carpet":2,"minecraft:wheat_seeds":5,"minecraft:cobblestone":585,"minecraft:rotten_flesh":6,"quark:hollow_cherry_log":1,"minecraft:iron_horse_armor":1,"minecraft:name_tag":1,"minecraft:saddle":2,"minecraft:coal":16,"minecraft:golden_apple":32,"minecraft:stick":4,"minecraft:flint":6,"minecraft:dirt":25,"supplementaries:ash":2,"minecraft:torch":65,"minecraft:spruce_log":1,"minecraft:arrow":3,"minecraft:bow":2,"minecraft:horse_spawn_egg":1,"minecraft:string":2,"minecraft:gold_ingot":64,"minecraft:bone":2},"minecraft:killed":{"minecraft:spider":2,"minecraft:phantom":1,"minecraft:skeleton":10,"minecraft:zombie":16,"minecraft:cow":3},"minecraft:custom":{"minecraft:interact_with_furnace":1,"spartanshields:shield_bash_hits":1,"minecraft:interact_with_anvil":1,"minecraft:mob_kills":32,"minecraft:interact_with_crafting_table":12,"minecraft:leave_game":3,"minecraft:time_since_death":129833,"minecraft:sleep_in_bed":5,"minecraft:time_since_rest":20434,"minecraft:damage_absorbed":81,"minecraft:damage_taken":2393,"minecraft:sprint_one_cm":320149,"minecraft:walk_one_cm":584945,"minecraft:damage_blocked_by_shield":691,"minecraft:drop":55,"minecraft:damage_dealt":5994,"minecraft:fly_one_cm":350767,"minecraft:open_chest":30,"minecraft:crouch_one_cm":32288,"minecraft:play_time":169533,"minecraft:sneak_time":10164,"minecraft:deaths":2,"minecraft:jump":1556,"minecraft:walk_on_water_one_cm":2896,"minecraft:total_world_time":169533,"minecraft:fall_one_cm":31969},"minecraft:killed_by":{"minecraft:player":1,"minecraft:creeper":1},"minecraft:crafted":{"minecraft:cherry_planks":116,"minecraft:crafting_table":2,"minecraft:bone_meal":6,"minecraft:diamond_shovel":2,"minecraft:stick":12,"minecraft:cherry_stairs":72,"justhammers:diamond_hammer":2,"minecraft:shears":1},"minecraft:broken":{"minecraft:diamond_shovel":1},"minecraft:picked_up":{"minecraft:pink_petals":114,"minecraft:cherry_planks":121,"minecraft:cherry_leaves":57,"minecraft:leather":6,"minecraft:flint":6,"minecraft:dirt":484,"minecraft:string":2,"minecraft:moss_carpet":2,"minecraft:bone":4,"minecraft:bow":2,"minecraft:wheat_seeds":5,"minecraft:white_tulip":1,"minecraft:iron_ingot":1,"minecraft:beef":4,"minecraft:bamboo":7,"minecraft:stick":2,"minecraft:cherry_stairs":2,"minecraft:torch":32,"minecraft:gravel":64,"minecraft:cherry_log":61,"minecraft:arrow":4,"minecraft:rotten_flesh":6,"minecraft:diamond":3,"quark:hollow_cherry_log":1,"minecraft:cherry_sapling":17,"minecraft:saddle":1,"minecraft:emerald":1,"supplementaries:ash":2,"minecraft:coal":32,"minecraft:cobblestone":1004},"minecraft:mined":{"minecraft:podzol":9,"minecraft:white_bed":1,"minecraft:cherry_log":65,"minecraft:cherry_sapling":1,"minecraft:crafting_table":1,"minecraft:torch":25,"minecraft:emerald_ore":1,"minecraft:grass_block":666,"minecraft:chest":1,"quark:hollow_cherry_log":1,"minecraft:tall_grass":8,"minecraft:cobblestone":49,"minecraft:wall_torch":4,"minecraft:pink_petals":66,"minecraft:iron_ore":1,"minecraft:fire":3,"minecraft:grass":49,"minecraft:coal_ore":14,"minecraft:dirt_path":1,"minecraft:cherry_leaves":86,"minecraft:gravel":114,"minecraft:dirt":1112,"minecraft:stone":642,"minecraft:cherry_stairs":2,"minecraft:oak_leaves":2},"minecraft:used":{"minecraft:cherry_sapling":12,"minecraft:water_bucket":1,"morebows:diamond_bow":1,"minecraft:chest":3,"minecraft:cherry_planks":9,"minecraft:horse_spawn_egg":7,"minecraft:diamond_axe":76,"minecraft:torch":63,"minecraft:golden_apple":2,"simplyswords:diamond_rapier":117,"minecraft:dirt":615,"minecraft:anvil":1,"justhammers:diamond_hammer":421,"minecraft:crafting_table":2,"minecraft:shears":74,"minecraft:spruce_log":3,"minecraft:diamond_pickaxe":710,"minecraft:diamond_shovel":1861,"minecraft:grass_block":1,"minecraft:bread":35,"spartanshields:diamond_tower_shield":7,"minecraft:cherry_leaves":28,"minecraft:bamboo":7,"minecraft:pink_petals":97,"minecraft:cobblestone":342,"minecraft:cherry_stairs":71,"minecraft:bucket":1,"minecraft:bone_meal":6}},"DataVersion":3465}