{"stats":{"minecraft:dropped":{"minecraft:bread":8,"minecraft:water_bucket":1,"minecraft:iron_ingot":1,"justhammers:diamond_hammer":4,"minecraft:wheat_seeds":5,"minecraft:cobblestone":640,"minecraft:iron_horse_armor":1,"minecraft:saddle":2,"minecraft:coal":16,"minecraft:golden_apple":34,"minecraft:flint":6,"minecraft:stick":5,"minecraft:dirt":25,"quark:cobblestone_bricks":16,"minecraft:torch":65,"minecraft:cherry_leaves":25,"minecraft:string":2,"minecraft:pink_petals":19,"minecraft:white_wool":4,"minecraft:gold_ingot":64,"minecraft:bone":2,"minecraft:gravel":64,"minecraft:white_tulip":1,"minecraft:moss_carpet":2,"minecraft:cherry_stairs":4,"minecraft:raw_iron":4,"minecraft:cherry_sapling":5,"minecraft:rotten_flesh":6,"quark:hollow_cherry_log":1,"minecraft:name_tag":1,"supplementaries:ash":2,"minecraft:andesite":10,"minecraft:stone_brick_wall":10,"minecraft:spruce_log":1,"minecraft:arrow":3,"minecraft:bow":2,"minecraft:beef":8,"minecraft:horse_spawn_egg":1},"minecraft:killed":{"minecraft:spider":2,"minecraft:phantom":1,"minecraft:skeleton":11,"minecraft:zombie":18,"minecraft:cow":3},"minecraft:custom":{"minecraft:mob_kills":37,"minecraft:interact_with_anvil":1,"minecraft:interact_with_crafting_table":35,"minecraft:leave_game":3,"minecraft:time_since_death":207833,"minecraft:sprint_one_cm":484033,"minecraft:walk_one_cm":953140,"minecraft:damage_blocked_by_shield":1186,"minecraft:drop":90,"minecraft:play_time":247533,"minecraft:deaths":2,"minecraft:sneak_time":12203,"minecraft:walk_under_water_one_cm":245,"minecraft:jump":2104,"minecraft:walk_on_water_one_cm":5130,"minecraft:total_world_time":247533,"minecraft:interact_with_furnace":116,"spartanshields:shield_bash_hits":1,"minecraft:interact_with_stonecutter":18,"minecraft:sleep_in_bed":5,"minecraft:time_since_rest":98434,"minecraft:damage_taken":2637,"minecraft:damage_absorbed":81,"minecraft:damage_dealt":7022,"minecraft:swim_one_cm":1013,"minecraft:fly_one_cm":375321,"minecraft:open_chest":48,"minecraft:crouch_one_cm":36946,"minecraft:fall_one_cm":42341},"minecraft:killed_by":{"minecraft:player":1,"minecraft:creeper":1},"minecraft:crafted":{"minecraft:cherry_planks":132,"minecraft:smooth_stone":9,"minecraft:furnace":12,"minecraft:blast_furnace":3,"minecraft:stone":111,"minecraft:bone_meal":6,"minecraft:diamond_shovel":2,"quark:cherry_chest":12,"cataclysm:stone_tiles":2,"quark:cobblestone_bricks":1,"minecraft:cherry_stairs":92,"justhammers:diamond_hammer":4,"minecraft:stone_bricks":167,"minecraft:smoker":3,"minecraft:crafting_table":5,"minecraft:air":0,"minecraft:stick":20,"minecraft:iron_block":3,"minecraft:stonecutter":1,"minecraft:anvil":1,"minecraft:shears":1},"minecraft:broken":{"minecraft:diamond_shovel":1},"minecraft:mined":{"minecraft:white_bed":1,"minecraft:cherry_log":153,"minecraft:cherry_sapling":1,"minecraft:stripped_cherry_log":12,"cataclysm:stone_tiles":7,"minecraft:grass_block":666,"minecraft:furnace":5,"minecraft:fire":3,"minecraft:iron_ore":1,"minecraft:dirt_path":1,"minecraft:stone":712,"minecraft:cherry_stairs":6,"minecraft:podzol":9,"minecraft:torch":26,"minecraft:crafting_table":4,"quark:cobblestone_bricks":23,"minecraft:emerald_ore":1,"minecraft:chest":1,"minecraft:cobblestone":100,"quark:hollow_cherry_log":1,"minecraft:tall_grass":8,"minecraft:wall_torch":14,"minecraft:pink_petals":67,"minecraft:grass":49,"minecraft:coal_ore":18,"minecraft:cherry_leaves":90,"minecraft:gravel":117,"minecraft:dirt":1167,"minecraft:stonecutter":1,"minecraft:stone_bricks":1,"minecraft:oak_leaves":2},"minecraft:picked_up":{"minecraft:crafting_table":3,"minecraft:stripped_cherry_log":12,"minecraft:string":2,"minecraft:moss_carpet":2,"minecraft:beef":8,"minecraft:white_tulip":1,"minecraft:furnace":5,"minecraft:stick":2,"minecraft:raw_iron":6,"minecraft:cherry_stairs":6,"minecraft:torch":48,"minecraft:cherry_log":184,"minecraft:arrow":4,"minecraft:rotten_flesh":6,"quark:hollow_cherry_log":1,"minecraft:saddle":1,"supplementaries:ash":2,"minecraft:cobblestone":1600,"minecraft:pink_petals":114,"minecraft:cherry_planks":121,"minecraft:cherry_leaves":57,"minecraft:andesite":10,"minecraft:leather":6,"minecraft:flint":6,"minecraft:dirt":496,"minecraft:bone":4,"minecraft:stone_bricks":1,"minecraft:stonecutter":1,"minecraft:bow":2,"minecraft:wheat_seeds":5,"minecraft:iron_ingot":1,"minecraft:bamboo":7,"minecraft:gravel":64,"justhammers:diamond_hammer":1,"cataclysm:stone_tiles":55,"quark:cobblestone_bricks":65,"minecraft:diamond":3,"minecraft:cherry_sapling":17,"minecraft:emerald":1,"minecraft:coal":60},"minecraft:used":{"minecraft:cherry_sapling":12,"morebows:diamond_bow":1,"minecraft:chest":3,"minecraft:torch":101,"minecraft:dirt":615,"quark:cherry_chest":12,"minecraft:anvil":2,"simplyswords:diamond_rapier":137,"cataclysm:stone_tiles":280,"minecraft:grass_block":1,"minecraft:cherry_leaves":32,"minecraft:stone_bricks":1,"minecraft:bamboo":7,"minecraft:furnace":11,"minecraft:cherry_log":201,"minecraft:water_bucket":1,"quark:cobblestone_bricks":49,"minecraft:cherry_planks":9,"minecraft:diamond_axe":203,"minecraft:stonecutter":2,"minecraft:horse_spawn_egg":7,"minecraft:golden_apple":2,"minecraft:crafting_table":7,"justhammers:diamond_hammer":596,"minecraft:blast_furnace":3,"minecraft:shears":74,"minecraft:smoker":3,"minecraft:spruce_log":3,"minecraft:diamond_pickaxe":866,"minecraft:diamond_shovel":1907,"minecraft:bread":44,"spartanshields:diamond_tower_shield":11,"minecraft:pink_petals":97,"minecraft:cobblestone":757,"minecraft:cherry_stairs":94,"minecraft:bucket":1,"minecraft:bone_meal":6}},"DataVersion":3465}