{"stats":{"minecraft:dropped":{"minecraft:iron_ingot":1,"minecraft:water_bucket":1,"justhammers:diamond_hammer":2,"minecraft:white_tulip":1,"minecraft:moss_carpet":2,"minecraft:wheat_seeds":5,"minecraft:cherry_stairs":1,"minecraft:raw_iron":4,"minecraft:cherry_sapling":5,"minecraft:cobblestone":640,"minecraft:rotten_flesh":6,"quark:hollow_cherry_log":1,"minecraft:iron_horse_armor":1,"minecraft:name_tag":1,"minecraft:saddle":2,"minecraft:coal":16,"minecraft:golden_apple":32,"minecraft:stick":4,"minecraft:flint":6,"minecraft:dirt":25,"supplementaries:ash":2,"quark:cobblestone_bricks":16,"minecraft:torch":65,"minecraft:cherry_leaves":25,"minecraft:spruce_log":1,"minecraft:arrow":3,"minecraft:bow":2,"minecraft:beef":8,"minecraft:horse_spawn_egg":1,"minecraft:string":2,"minecraft:pink_petals":19,"minecraft:gold_ingot":64,"minecraft:bone":2,"minecraft:bread":5,"minecraft:gravel":64},"minecraft:killed":{"minecraft:spider":2,"minecraft:phantom":1,"minecraft:skeleton":11,"minecraft:zombie":18,"minecraft:cow":3},"minecraft:custom":{"minecraft:interact_with_furnace":75,"spartanshields:shield_bash_hits":1,"minecraft:interact_with_anvil":1,"minecraft:mob_kills":37,"minecraft:interact_with_crafting_table":22,"minecraft:interact_with_stonecutter":12,"minecraft:leave_game":3,"minecraft:time_since_death":183833,"minecraft:sleep_in_bed":5,"minecraft:time_since_rest":74434,"minecraft:damage_absorbed":81,"minecraft:damage_taken":2637,"minecraft:sprint_one_cm":443301,"minecraft:walk_one_cm":846271,"minecraft:damage_blocked_by_shield":1186,"minecraft:drop":69,"minecraft:damage_dealt":7022,"minecraft:swim_one_cm":1013,"minecraft:fly_one_cm":370993,"minecraft:open_chest":31,"minecraft:walk_under_water_one_cm":245,"minecraft:crouch_one_cm":36342,"minecraft:play_time":223533,"minecraft:sneak_time":12069,"minecraft:deaths":2,"minecraft:jump":2043,"minecraft:walk_on_water_one_cm":5130,"minecraft:total_world_time":223533,"minecraft:fall_one_cm":41805},"minecraft:killed_by":{"minecraft:player":1,"minecraft:creeper":1},"minecraft:crafted":{"minecraft:cherry_planks":116,"minecraft:crafting_table":2,"minecraft:furnace":5,"minecraft:stone":64,"minecraft:bone_meal":6,"minecraft:diamond_shovel":2,"quark:cherry_chest":2,"cataclysm:stone_tiles":2,"minecraft:air":0,"quark:cobblestone_bricks":1,"minecraft:stick":16,"minecraft:cherry_stairs":92,"justhammers:diamond_hammer":3,"minecraft:stonecutter":1,"minecraft:stone_bricks":101,"minecraft:shears":1},"minecraft:broken":{"minecraft:diamond_shovel":1},"minecraft:mined":{"minecraft:podzol":9,"minecraft:white_bed":1,"minecraft:cherry_log":119,"minecraft:cherry_sapling":1,"cataclysm:stone_tiles":1,"quark:cobblestone_bricks":23,"minecraft:crafting_table":2,"minecraft:torch":25,"minecraft:emerald_ore":1,"minecraft:grass_block":666,"minecraft:chest":1,"quark:hollow_cherry_log":1,"minecraft:tall_grass":8,"minecraft:cobblestone":100,"minecraft:wall_torch":12,"minecraft:pink_petals":67,"minecraft:iron_ore":1,"minecraft:fire":3,"minecraft:grass":49,"minecraft:coal_ore":18,"minecraft:dirt_path":1,"minecraft:cherry_leaves":90,"minecraft:gravel":117,"minecraft:dirt":1167,"minecraft:stone_bricks":1,"minecraft:stone":712,"minecraft:cherry_stairs":6,"minecraft:oak_leaves":2},"minecraft:picked_up":{"minecraft:crafting_table":1,"minecraft:pink_petals":114,"minecraft:cherry_planks":121,"minecraft:cherry_leaves":57,"minecraft:andesite":10,"minecraft:leather":6,"minecraft:flint":6,"minecraft:dirt":496,"minecraft:string":2,"minecraft:moss_carpet":2,"minecraft:stone_bricks":1,"minecraft:bone":4,"minecraft:bow":2,"minecraft:wheat_seeds":5,"minecraft:white_tulip":1,"minecraft:iron_ingot":1,"minecraft:beef":8,"minecraft:bamboo":7,"minecraft:raw_iron":6,"minecraft:stick":2,"minecraft:cherry_stairs":6,"minecraft:torch":41,"minecraft:gravel":64,"minecraft:cherry_log":150,"cataclysm:stone_tiles":1,"quark:cobblestone_bricks":65,"minecraft:arrow":4,"minecraft:rotten_flesh":6,"minecraft:diamond":3,"quark:hollow_cherry_log":1,"minecraft:cherry_sapling":17,"minecraft:saddle":1,"minecraft:emerald":1,"supplementaries:ash":2,"minecraft:coal":60,"minecraft:cobblestone":1599},"minecraft:used":{"minecraft:cherry_sapling":12,"minecraft:water_bucket":1,"quark:cobblestone_bricks":49,"morebows:diamond_bow":1,"minecraft:chest":3,"minecraft:cherry_planks":9,"minecraft:stonecutter":1,"minecraft:horse_spawn_egg":7,"minecraft:diamond_axe":143,"quark:cherry_chest":2,"minecraft:torch":91,"minecraft:golden_apple":2,"simplyswords:diamond_rapier":137,"minecraft:dirt":615,"minecraft:anvil":1,"justhammers:diamond_hammer":588,"minecraft:crafting_table":3,"cataclysm:stone_tiles":137,"minecraft:shears":74,"minecraft:spruce_log":3,"minecraft:diamond_pickaxe":854,"minecraft:diamond_shovel":1907,"minecraft:grass_block":1,"minecraft:bread":44,"spartanshields:diamond_tower_shield":11,"minecraft:cherry_leaves":32,"minecraft:stone_bricks":1,"minecraft:bamboo":7,"minecraft:pink_petals":97,"minecraft:cobblestone":756,"minecraft:cherry_stairs":94,"minecraft:furnace":5,"minecraft:bucket":1,"minecraft:cherry_log":150,"minecraft:bone_meal":6}},"DataVersion":3465}