{"stats":{"minecraft:killed":{"minecraft:spider":1,"minecraft:skeleton":5,"minecraft:zombie":9,"minecraft:cow":3},"minecraft:killed_by":{"minecraft:player":1,"minecraft:creeper":1},"minecraft:custom":{"minecraft:interact_with_anvil":1,"minecraft:mob_kills":18,"minecraft:interact_with_crafting_table":10,"minecraft:leave_game":2,"minecraft:time_since_death":81292,"minecraft:time_since_rest":81326,"minecraft:damage_absorbed":41,"minecraft:sprint_one_cm":228114,"minecraft:damage_taken":1662,"minecraft:walk_one_cm":376020,"minecraft:damage_blocked_by_shield":240,"minecraft:drop":40,"minecraft:damage_dealt":3400,"minecraft:fly_one_cm":296556,"minecraft:open_chest":30,"minecraft:crouch_one_cm":21080,"minecraft:play_time":120992,"minecraft:deaths":2,"minecraft:sneak_time":6659,"minecraft:jump":1014,"minecraft:walk_on_water_one_cm":2896,"minecraft:total_world_time":120992,"minecraft:fall_one_cm":22466},"minecraft:used":{"minecraft:water_bucket":1,"morebows:diamond_bow":1,"minecraft:chest":3,"minecraft:cherry_planks":9,"minecraft:diamond_axe":39,"minecraft:horse_spawn_egg":7,"minecraft:torch":49,"minecraft:golden_apple":1,"minecraft:dirt":155,"justhammers:diamond_hammer":387,"minecraft:anvil":1,"simplyswords:diamond_rapier":66,"minecraft:crafting_table":2,"minecraft:spruce_log":3,"minecraft:diamond_pickaxe":702,"minecraft:diamond_shovel":727,"minecraft:grass_block":1,"minecraft:bread":23,"spartanshields:diamond_tower_shield":1,"minecraft:cherry_stairs":71,"minecraft:cobblestone":342,"minecraft:bucket":1},"minecraft:picked_up":{"minecraft:pink_petals":32,"minecraft:cherry_planks":121,"minecraft:leather":6,"minecraft:flint":6,"minecraft:string":2,"minecraft:dirt":253,"minecraft:moss_carpet":2,"minecraft:bone":2,"minecraft:bow":2,"minecraft:wheat_seeds":3,"minecraft:iron_ingot":1,"minecraft:beef":4,"minecraft:white_tulip":1,"minecraft:cherry_stairs":2,"minecraft:torch":31,"minecraft:gravel":64,"minecraft:cherry_log":29,"minecraft:arrow":3,"minecraft:rotten_flesh":6,"minecraft:diamond":3,"quark:hollow_cherry_log":1,"minecraft:cherry_sapling":9,"minecraft:saddle":1,"minecraft:emerald":1,"supplementaries:ash":2,"minecraft:coal":14,"minecraft:cobblestone":762},"minecraft:mined":{"minecraft:podzol":9,"minecraft:cherry_log":33,"minecraft:torch":24,"minecraft:emerald_ore":1,"minecraft:grass_block":220,"minecraft:chest":1,"minecraft:tall_grass":1,"quark:hollow_cherry_log":1,"minecraft:cobblestone":49,"minecraft:wall_torch":3,"minecraft:pink_petals":1,"minecraft:iron_ore":1,"minecraft:fire":3,"minecraft:grass":9,"minecraft:coal_ore":14,"minecraft:cherry_leaves":2,"minecraft:gravel":114,"minecraft:dirt":427,"minecraft:stone":634,"minecraft:cherry_stairs":2,"minecraft:oak_leaves":2},"minecraft:crafted":{"minecraft:cherry_planks":116,"minecraft:crafting_table":2,"minecraft:diamond_shovel":1,"minecraft:stick":8,"minecraft:cherry_stairs":72,"justhammers:diamond_hammer":2},"minecraft:dropped":{"minecraft:iron_ingot":1,"minecraft:water_bucket":1,"justhammers:diamond_hammer":1,"minecraft:white_tulip":1,"minecraft:moss_carpet":2,"minecraft:wheat_seeds":3,"minecraft:cobblestone":9,"minecraft:rotten_flesh":6,"quark:hollow_cherry_log":1,"minecraft:name_tag":1,"minecraft:iron_horse_armor":1,"minecraft:saddle":2,"minecraft:golden_apple":32,"minecraft:dirt":25,"supplementaries:ash":2,"minecraft:torch":65,"minecraft:spruce_log":1,"minecraft:arrow":2,"minecraft:bow":2,"minecraft:horse_spawn_egg":1,"minecraft:string":2,"minecraft:gold_ingot":64,"minecraft:bone":2}},"DataVersion":3465}