{"stats":{"minecraft:dropped":{"minecraft:iron_ingot":1,"minecraft:water_bucket":1,"justhammers:diamond_hammer":1,"minecraft:white_tulip":1,"minecraft:moss_carpet":2,"minecraft:wheat_seeds":5,"minecraft:cherry_stairs":1,"minecraft:cherry_sapling":5,"minecraft:cobblestone":592,"minecraft:rotten_flesh":6,"quark:hollow_cherry_log":1,"minecraft:iron_horse_armor":1,"minecraft:name_tag":1,"minecraft:saddle":2,"minecraft:coal":16,"minecraft:golden_apple":32,"minecraft:stick":4,"minecraft:flint":6,"minecraft:dirt":25,"supplementaries:ash":2,"minecraft:torch":65,"minecraft:cherry_leaves":25,"minecraft:spruce_log":1,"minecraft:arrow":3,"minecraft:bow":2,"minecraft:beef":8,"minecraft:horse_spawn_egg":1,"minecraft:string":2,"minecraft:pink_petals":19,"minecraft:gold_ingot":64,"minecraft:bone":2},"minecraft:killed":{"minecraft:spider":2,"minecraft:phantom":1,"minecraft:skeleton":11,"minecraft:zombie":18,"minecraft:cow":3},"minecraft:custom":{"minecraft:interact_with_furnace":1,"spartanshields:shield_bash_hits":1,"minecraft:interact_with_anvil":1,"minecraft:mob_kills":37,"minecraft:interact_with_crafting_table":15,"minecraft:leave_game":3,"minecraft:time_since_death":165833,"minecraft:sleep_in_bed":5,"minecraft:time_since_rest":56434,"minecraft:damage_absorbed":81,"minecraft:damage_taken":2637,"minecraft:sprint_one_cm":400040,"minecraft:walk_one_cm":777745,"minecraft:damage_blocked_by_shield":1186,"minecraft:drop":62,"minecraft:damage_dealt":7022,"minecraft:fly_one_cm":367096,"minecraft:open_chest":30,"minecraft:crouch_one_cm":35277,"minecraft:play_time":205533,"minecraft:sneak_time":11821,"minecraft:deaths":2,"minecraft:jump":1947,"minecraft:walk_on_water_one_cm":2896,"minecraft:total_world_time":205533,"minecraft:fall_one_cm":40909},"minecraft:killed_by":{"minecraft:player":1,"minecraft:creeper":1},"minecraft:crafted":{"minecraft:cherry_planks":116,"minecraft:crafting_table":2,"minecraft:bone_meal":6,"minecraft:diamond_shovel":2,"minecraft:stick":12,"minecraft:cherry_stairs":88,"justhammers:diamond_hammer":2,"minecraft:shears":1},"minecraft:broken":{"minecraft:diamond_shovel":1},"minecraft:mined":{"minecraft:podzol":9,"minecraft:white_bed":1,"minecraft:cherry_log":119,"minecraft:cherry_sapling":1,"minecraft:crafting_table":2,"minecraft:torch":25,"minecraft:emerald_ore":1,"minecraft:grass_block":666,"minecraft:chest":1,"quark:hollow_cherry_log":1,"minecraft:tall_grass":8,"minecraft:cobblestone":99,"minecraft:wall_torch":12,"minecraft:pink_petals":67,"minecraft:iron_ore":1,"minecraft:fire":3,"minecraft:grass":49,"minecraft:coal_ore":14,"minecraft:dirt_path":1,"minecraft:cherry_leaves":90,"minecraft:gravel":116,"minecraft:dirt":1160,"minecraft:stone":709,"minecraft:cherry_stairs":6,"minecraft:oak_leaves":2},"minecraft:picked_up":{"minecraft:crafting_table":1,"minecraft:pink_petals":114,"minecraft:cherry_planks":121,"minecraft:cherry_leaves":57,"minecraft:leather":6,"minecraft:flint":6,"minecraft:dirt":492,"minecraft:string":2,"minecraft:moss_carpet":2,"minecraft:bone":4,"minecraft:bow":2,"minecraft:wheat_seeds":5,"minecraft:white_tulip":1,"minecraft:iron_ingot":1,"minecraft:beef":8,"minecraft:bamboo":7,"minecraft:raw_iron":2,"minecraft:stick":2,"minecraft:cherry_stairs":6,"minecraft:torch":41,"minecraft:gravel":64,"minecraft:cherry_log":150,"minecraft:arrow":4,"minecraft:rotten_flesh":6,"minecraft:diamond":3,"quark:hollow_cherry_log":1,"minecraft:cherry_sapling":17,"minecraft:saddle":1,"minecraft:emerald":1,"supplementaries:ash":2,"minecraft:coal":32,"minecraft:cobblestone":1457},"minecraft:used":{"minecraft:cherry_sapling":12,"minecraft:water_bucket":1,"morebows:diamond_bow":1,"minecraft:chest":3,"minecraft:cherry_planks":9,"minecraft:horse_spawn_egg":7,"minecraft:diamond_axe":143,"minecraft:torch":90,"minecraft:golden_apple":2,"simplyswords:diamond_rapier":137,"minecraft:dirt":615,"minecraft:anvil":1,"justhammers:diamond_hammer":561,"minecraft:crafting_table":3,"minecraft:shears":74,"minecraft:spruce_log":3,"minecraft:diamond_pickaxe":821,"minecraft:diamond_shovel":1899,"minecraft:grass_block":1,"minecraft:bread":41,"spartanshields:diamond_tower_shield":11,"minecraft:cherry_leaves":32,"minecraft:bamboo":7,"minecraft:pink_petals":97,"minecraft:cobblestone":710,"minecraft:cherry_stairs":93,"minecraft:bucket":1,"minecraft:cherry_log":150,"minecraft:bone_meal":6}},"DataVersion":3465}