{"stats":{"minecraft:dropped":{"minecraft:bread":8,"minecraft:water_bucket":1,"minecraft:iron_ingot":1,"justhammers:diamond_hammer":4,"minecraft:wheat_seeds":5,"minecraft:crafting_table":1,"minecraft:cobblestone":640,"minecraft:iron_horse_armor":1,"minecraft:saddle":2,"minecraft:coal":16,"minecraft:golden_apple":34,"minecraft:flint":6,"minecraft:stick":6,"minecraft:dirt":25,"quark:cobblestone_bricks":16,"minecraft:torch":65,"minecraft:cherry_leaves":25,"minecraft:string":2,"minecraft:pink_petals":19,"minecraft:white_wool":4,"minecraft:gold_ingot":64,"minecraft:bone":2,"minecraft:gravel":64,"minecraft:white_tulip":1,"minecraft:moss_carpet":2,"minecraft:cherry_stairs":4,"minecraft:raw_iron":4,"minecraft:cherry_sapling":5,"minecraft:rotten_flesh":6,"quark:hollow_cherry_log":1,"minecraft:name_tag":1,"minecraft:glass_pane":64,"supplementaries:ash":2,"minecraft:andesite":10,"minecraft:stone_brick_wall":10,"minecraft:spruce_log":1,"minecraft:arrow":3,"minecraft:bow":2,"minecraft:beef":8,"minecraft:horse_spawn_egg":1},"minecraft:killed":{"minecraft:spider":2,"minecraft:phantom":1,"minecraft:skeleton":11,"minecraft:zombie":18,"minecraft:cow":3},"minecraft:custom":{"minecraft:interact_with_smithing_table":1,"minecraft:mob_kills":37,"minecraft:interact_with_anvil":5,"minecraft:interact_with_crafting_table":51,"minecraft:leave_game":3,"minecraft:time_since_death":231833,"minecraft:sprint_one_cm":557695,"minecraft:walk_one_cm":1028870,"minecraft:damage_blocked_by_shield":1186,"minecraft:drop":93,"minecraft:play_time":271533,"minecraft:deaths":2,"minecraft:sneak_time":12243,"minecraft:walk_under_water_one_cm":245,"minecraft:jump":2135,"minecraft:walk_on_water_one_cm":5130,"minecraft:total_world_time":271533,"minecraft:interact_with_furnace":145,"spartanshields:shield_bash_hits":1,"minecraft:interact_with_stonecutter":19,"minecraft:sleep_in_bed":8,"minecraft:time_since_rest":7267,"minecraft:waystone_activated":1,"minecraft:damage_taken":2675,"minecraft:damage_absorbed":81,"minecraft:damage_dealt":7356,"minecraft:swim_one_cm":1013,"minecraft:fly_one_cm":380620,"minecraft:open_chest":83,"minecraft:crouch_one_cm":37049,"minecraft:fall_one_cm":42857},"minecraft:killed_by":{"minecraft:player":1,"minecraft:creeper":1},"minecraft:crafted":{"minecraft:cherry_planks":132,"minecraft:smooth_stone":9,"minecraft:furnace":12,"minecraft:blast_furnace":3,"minecraft:stone":111,"minecraft:bone_meal":6,"minecraft:diamond_shovel":2,"quark:cherry_chest":12,"packedup:ironbackpack":1,"minecraft:glass_pane":160,"cataclysm:stone_tiles":2,"minecraft:glass":138,"quark:cobblestone_bricks":1,"minecraft:cherry_stairs":104,"justhammers:diamond_hammer":4,"minecraft:stone_bricks":167,"minecraft:smoker":3,"packedup:diamondbackpack":1,"minecraft:crafting_table":5,"minecraft:smithing_table":1,"minecraft:air":0,"minecraft:stick":20,"minecraft:iron_block":3,"minecraft:stonecutter":1,"minecraft:anvil":1,"packedup:goldbackpack":1,"minecraft:shears":1},"minecraft:broken":{"minecraft:diamond_shovel":1},"minecraft:mined":{"minecraft:white_bed":1,"minecraft:cherry_log":153,"minecraft:cherry_sapling":1,"minecraft:stripped_cherry_log":12,"cataclysm:stone_tiles":7,"minecraft:grass_block":666,"minecraft:furnace":5,"minecraft:fire":3,"minecraft:iron_ore":1,"minecraft:anvil":2,"minecraft:dirt_path":1,"minecraft:stone":732,"minecraft:cherry_stairs":6,"minecraft:smithing_table":1,"minecraft:podzol":9,"minecraft:glass_pane":2,"minecraft:torch":26,"minecraft:crafting_table":6,"quark:cobblestone_bricks":23,"minecraft:emerald_ore":1,"minecraft:chest":1,"minecraft:glass":1,"minecraft:cobblestone":106,"quark:hollow_cherry_log":1,"minecraft:tall_grass":8,"minecraft:blue_bed":2,"minecraft:wall_torch":15,"minecraft:pink_petals":67,"minecraft:grass":49,"minecraft:coal_ore":18,"minecraft:cherry_leaves":90,"minecraft:gravel":117,"minecraft:dirt":1167,"minecraft:stonecutter":2,"minecraft:stone_bricks":1,"minecraft:oak_leaves":2},"minecraft:picked_up":{"minecraft:crafting_table":6,"minecraft:anvil":2,"minecraft:smithing_table":1,"minecraft:stripped_cherry_log":12,"minecraft:string":2,"minecraft:moss_carpet":2,"minecraft:beef":8,"minecraft:white_tulip":1,"minecraft:furnace":5,"minecraft:stick":2,"minecraft:raw_iron":6,"minecraft:cherry_stairs":6,"minecraft:torch":49,"minecraft:cherry_log":184,"quark:clear_shard":4,"minecraft:arrow":4,"minecraft:rotten_flesh":6,"quark:hollow_cherry_log":1,"minecraft:saddle":1,"supplementaries:ash":2,"minecraft:cobblestone":1651,"minecraft:pink_petals":114,"minecraft:cherry_planks":188,"minecraft:cherry_leaves":57,"minecraft:andesite":10,"minecraft:leather":6,"minecraft:flint":6,"minecraft:blue_bed":2,"minecraft:dirt":496,"minecraft:glass":35,"minecraft:bone":4,"minecraft:stone_bricks":1,"minecraft:stonecutter":2,"minecraft:bow":2,"minecraft:wheat_seeds":5,"minecraft:iron_ingot":1,"minecraft:bamboo":7,"minecraft:gravel":64,"justhammers:diamond_hammer":1,"cataclysm:stone_tiles":55,"quark:cobblestone_bricks":65,"minecraft:diamond":3,"waystones:waystone":1,"minecraft:cherry_sapling":17,"minecraft:emerald":1,"minecraft:coal":60},"minecraft:used":{"minecraft:cherry_sapling":12,"morebows:diamond_bow":1,"minecraft:chest":3,"minecraft:torch":104,"minecraft:dirt":615,"quark:cherry_chest":12,"minecraft:anvil":4,"simplyswords:diamond_rapier":143,"cataclysm:stone_tiles":307,"minecraft:glass":1,"minecraft:grass_block":1,"minecraft:cherry_leaves":32,"minecraft:stone_bricks":1,"minecraft:bamboo":7,"minecraft:furnace":11,"minecraft:cherry_log":201,"minecraft:water_bucket":1,"quark:cobblestone_bricks":49,"minecraft:cherry_planks":9,"minecraft:blue_bed":2,"minecraft:diamond_axe":206,"minecraft:stonecutter":3,"minecraft:horse_spawn_egg":7,"minecraft:golden_apple":2,"minecraft:crafting_table":9,"justhammers:diamond_hammer":599,"minecraft:blast_furnace":3,"minecraft:shears":74,"minecraft:smoker":3,"minecraft:spruce_log":3,"waystones:waystone":1,"minecraft:diamond_pickaxe":896,"minecraft:diamond_shovel":1907,"minecraft:bread":48,"spartanshields:diamond_tower_shield":11,"minecraft:pink_petals":97,"minecraft:cobblestone":757,"minecraft:cherry_stairs":103,"minecraft:smithing_table":2,"minecraft:bucket":1,"minecraft:glass_pane":81,"minecraft:bone_meal":6}},"DataVersion":3465}