{"stats":{"minecraft:killed_by":{"minecraft:player":1,"minecraft:creeper":1},"minecraft:used":{"minecraft:water_bucket":1,"minecraft:grass_block":1,"minecraft:bread":9,"minecraft:chest":3,"spartanshields:diamond_tower_shield":1,"minecraft:horse_spawn_egg":7,"minecraft:torch":9,"minecraft:anvil":1,"simplyswords:diamond_rapier":17,"minecraft:bucket":1,"minecraft:spruce_log":3},"minecraft:killed":{"minecraft:zombie":1,"minecraft:cow":3},"minecraft:custom":{"minecraft:time_since_rest":937,"minecraft:sprint_one_cm":91639,"minecraft:damage_taken":1184,"minecraft:walk_one_cm":54719,"minecraft:damage_blocked_by_shield":240,"minecraft:mob_kills":4,"minecraft:interact_with_anvil":1,"minecraft:drop":11,"minecraft:damage_dealt":909,"minecraft:fly_one_cm":234860,"minecraft:open_chest":30,"minecraft:crouch_one_cm":472,"minecraft:play_time":40603,"minecraft:deaths":2,"minecraft:sneak_time":147,"minecraft:jump":415,"minecraft:leave_game":1,"minecraft:time_since_death":903,"minecraft:walk_on_water_one_cm":239,"minecraft:total_world_time":40603,"minecraft:fall_one_cm":9896},"minecraft:picked_up":{"minecraft:leather":6,"minecraft:torch":1,"minecraft:rotten_flesh":2,"minecraft:beef":4,"minecraft:saddle":1},"minecraft:dropped":{"minecraft:water_bucket":1,"minecraft:torch":65,"minecraft:spruce_log":1,"minecraft:iron_horse_armor":1,"minecraft:name_tag":1,"minecraft:horse_spawn_egg":1,"minecraft:saddle":2,"minecraft:golden_apple":32,"minecraft:gold_ingot":64},"minecraft:mined":{"minecraft:chest":1,"minecraft:oak_leaves":2}},"DataVersion":3465}