{"stats":{"minecraft:killed":{"minecraft:spider":1,"minecraft:skeleton":4,"minecraft:zombie":8,"minecraft:cow":3},"minecraft:killed_by":{"minecraft:player":1,"minecraft:creeper":1},"minecraft:custom":{"minecraft:interact_with_anvil":1,"minecraft:mob_kills":16,"minecraft:interact_with_crafting_table":6,"minecraft:leave_game":2,"minecraft:time_since_death":33292,"minecraft:time_since_rest":33326,"minecraft:damage_absorbed":41,"minecraft:sprint_one_cm":152930,"minecraft:damage_taken":1593,"minecraft:walk_one_cm":144091,"minecraft:damage_blocked_by_shield":240,"minecraft:drop":24,"minecraft:damage_dealt":2998,"minecraft:fly_one_cm":278798,"minecraft:open_chest":30,"minecraft:crouch_one_cm":8307,"minecraft:play_time":72992,"minecraft:deaths":2,"minecraft:sneak_time":2804,"minecraft:jump":681,"minecraft:walk_on_water_one_cm":239,"minecraft:total_world_time":72992,"minecraft:fall_one_cm":18317},"minecraft:used":{"minecraft:water_bucket":1,"morebows:diamond_bow":1,"minecraft:chest":3,"minecraft:diamond_axe":37,"minecraft:horse_spawn_egg":7,"minecraft:torch":12,"minecraft:golden_apple":1,"justhammers:diamond_hammer":47,"minecraft:anvil":1,"simplyswords:diamond_rapier":58,"minecraft:crafting_table":2,"minecraft:spruce_log":3,"minecraft:diamond_pickaxe":529,"minecraft:diamond_shovel":215,"minecraft:grass_block":1,"minecraft:bread":18,"spartanshields:diamond_tower_shield":1,"minecraft:cobblestone":15,"minecraft:bucket":1},"minecraft:picked_up":{"minecraft:pink_petals":32,"minecraft:leather":6,"minecraft:string":2,"minecraft:dirt":153,"minecraft:moss_carpet":2,"minecraft:bone":1,"minecraft:bow":2,"minecraft:wheat_seeds":3,"minecraft:iron_ingot":1,"minecraft:beef":4,"minecraft:white_tulip":1,"minecraft:torch":1,"minecraft:gravel":5,"minecraft:cherry_log":29,"minecraft:arrow":3,"minecraft:rotten_flesh":6,"minecraft:diamond":3,"quark:hollow_cherry_log":1,"minecraft:saddle":1,"minecraft:emerald":1,"supplementaries:ash":2,"minecraft:coal":12,"minecraft:cobblestone":637},"minecraft:mined":{"minecraft:podzol":9,"minecraft:cherry_log":33,"minecraft:emerald_ore":1,"minecraft:grass_block":68,"minecraft:chest":1,"quark:hollow_cherry_log":1,"minecraft:pink_petals":1,"minecraft:grass":3,"minecraft:coal_ore":14,"minecraft:cherry_leaves":2,"minecraft:gravel":5,"minecraft:dirt":143,"minecraft:stone":501,"minecraft:oak_leaves":2},"minecraft:crafted":{"minecraft:cherry_planks":116,"minecraft:crafting_table":2,"minecraft:diamond_shovel":1,"minecraft:stick":8,"justhammers:diamond_hammer":2},"minecraft:dropped":{"minecraft:water_bucket":1,"justhammers:diamond_hammer":1,"minecraft:white_tulip":1,"minecraft:moss_carpet":2,"minecraft:wheat_seeds":3,"minecraft:rotten_flesh":6,"quark:hollow_cherry_log":1,"minecraft:name_tag":1,"minecraft:iron_horse_armor":1,"minecraft:saddle":2,"minecraft:golden_apple":32,"minecraft:dirt":17,"supplementaries:ash":2,"minecraft:torch":65,"minecraft:spruce_log":1,"minecraft:bow":1,"minecraft:horse_spawn_egg":1,"minecraft:string":2,"minecraft:gold_ingot":64}},"DataVersion":3465}