{"stats":{"minecraft:used":{"minecraft:torch":6,"minecraft:chest":3,"minecraft:spruce_log":3,"minecraft:grass_block":1},"minecraft:dropped":{"minecraft:water_bucket":1,"minecraft:torch":65,"minecraft:spruce_log":1,"minecraft:gold_ingot":64},"minecraft:custom":{"minecraft:jump":3,"minecraft:open_chest":29,"minecraft:time_since_rest":10965,"minecraft:leave_game":1,"minecraft:sprint_one_cm":1388,"minecraft:play_time":10965,"minecraft:damage_taken":10,"minecraft:time_since_death":10965,"minecraft:walk_one_cm":12266,"minecraft:total_world_time":10965,"minecraft:drop":5,"minecraft:fall_one_cm":335,"minecraft:fly_one_cm":28},"minecraft:picked_up":{"minecraft:torch":1}},"DataVersion":3465}