{"stats":{"minecraft:killed_by":{"minecraft:player":1,"minecraft:creeper":1},"minecraft:used":{"minecraft:water_bucket":1,"minecraft:diamond_pickaxe":46,"minecraft:grass_block":1,"minecraft:bread":13,"minecraft:chest":3,"spartanshields:diamond_tower_shield":1,"minecraft:crafting_table":1,"minecraft:diamond_axe":37,"minecraft:horse_spawn_egg":7,"minecraft:cobblestone":3,"minecraft:torch":9,"minecraft:golden_apple":1,"minecraft:anvil":1,"simplyswords:diamond_rapier":26,"minecraft:bucket":1,"minecraft:spruce_log":3},"minecraft:killed":{"minecraft:skeleton":3,"minecraft:zombie":1,"minecraft:cow":3},"minecraft:crafted":{"minecraft:cherry_planks":116,"minecraft:crafting_table":1,"minecraft:stick":4},"minecraft:custom":{"minecraft:time_since_rest":12937,"minecraft:damage_absorbed":41,"minecraft:sprint_one_cm":126842,"minecraft:damage_taken":1304,"minecraft:walk_one_cm":75995,"minecraft:damage_blocked_by_shield":240,"minecraft:mob_kills":7,"minecraft:interact_with_anvil":1,"minecraft:drop":17,"minecraft:damage_dealt":1399,"minecraft:interact_with_crafting_table":1,"minecraft:fly_one_cm":264686,"minecraft:open_chest":30,"minecraft:crouch_one_cm":3400,"minecraft:play_time":52603,"minecraft:deaths":2,"minecraft:sneak_time":1258,"minecraft:jump":583,"minecraft:leave_game":1,"minecraft:time_since_death":12903,"minecraft:walk_on_water_one_cm":239,"minecraft:total_world_time":52603,"minecraft:fall_one_cm":16597},"minecraft:picked_up":{"minecraft:leather":6,"minecraft:torch":1,"minecraft:cherry_log":29,"minecraft:dirt":11,"minecraft:moss_carpet":2,"minecraft:bone":1,"minecraft:arrow":3,"minecraft:rotten_flesh":2,"minecraft:bow":1,"quark:hollow_cherry_log":1,"minecraft:beef":4,"minecraft:saddle":1,"minecraft:emerald":1,"supplementaries:ash":2,"minecraft:coal":7,"minecraft:cobblestone":15},"minecraft:dropped":{"minecraft:water_bucket":1,"minecraft:dirt":11,"minecraft:moss_carpet":1,"supplementaries:ash":2,"minecraft:torch":65,"minecraft:rotten_flesh":2,"quark:hollow_cherry_log":1,"minecraft:spruce_log":1,"minecraft:bow":1,"minecraft:iron_horse_armor":1,"minecraft:name_tag":1,"minecraft:horse_spawn_egg":1,"minecraft:saddle":2,"minecraft:golden_apple":32,"minecraft:gold_ingot":64},"minecraft:mined":{"minecraft:pink_petals":1,"minecraft:cherry_log":33,"minecraft:emerald_ore":1,"minecraft:coal_ore":9,"minecraft:grass":2,"minecraft:dirt":8,"minecraft:grass_block":3,"minecraft:chest":1,"minecraft:cherry_leaves":2,"quark:hollow_cherry_log":1,"minecraft:stone":23,"minecraft:oak_leaves":2}},"DataVersion":3465}