{"stats":{"minecraft:killed_by":{"minecraft:player":1},"minecraft:used":{"minecraft:water_bucket":1,"minecraft:torch":9,"simplyswords:diamond_rapier":11,"minecraft:grass_block":1,"minecraft:bread":2,"minecraft:bucket":1,"minecraft:chest":3,"minecraft:spruce_log":3},"minecraft:killed":{"minecraft:cow":3},"minecraft:custom":{"minecraft:time_since_rest":7685,"minecraft:open_chest":30,"minecraft:deaths":1,"minecraft:sprint_one_cm":33988,"minecraft:play_time":28603,"minecraft:damage_taken":460,"minecraft:walk_one_cm":37582,"minecraft:mob_kills":3,"minecraft:drop":5,"minecraft:jump":148,"minecraft:damage_dealt":393,"minecraft:leave_game":1,"minecraft:walk_on_water_one_cm":239,"minecraft:time_since_death":7654,"minecraft:total_world_time":28603,"minecraft:fall_one_cm":4942,"minecraft:fly_one_cm":73852},"minecraft:picked_up":{"minecraft:leather":6,"minecraft:torch":1,"minecraft:beef":4},"minecraft:dropped":{"minecraft:water_bucket":1,"minecraft:spruce_log":1,"minecraft:torch":65,"minecraft:gold_ingot":64},"minecraft:mined":{"minecraft:chest":1,"minecraft:oak_leaves":2}},"DataVersion":3465}