{"stats":{"minecraft:dropped":{"minecraft:iron_ingot":1,"minecraft:water_bucket":1,"justhammers:diamond_hammer":1,"minecraft:white_tulip":1,"minecraft:moss_carpet":2,"minecraft:wheat_seeds":5,"minecraft:cherry_sapling":5,"minecraft:cobblestone":592,"minecraft:rotten_flesh":6,"quark:hollow_cherry_log":1,"minecraft:iron_horse_armor":1,"minecraft:name_tag":1,"minecraft:saddle":2,"minecraft:coal":16,"minecraft:golden_apple":32,"minecraft:stick":4,"minecraft:flint":6,"minecraft:dirt":25,"supplementaries:ash":2,"minecraft:torch":65,"minecraft:cherry_leaves":25,"minecraft:spruce_log":1,"minecraft:arrow":3,"minecraft:bow":2,"minecraft:beef":8,"minecraft:horse_spawn_egg":1,"minecraft:string":2,"minecraft:pink_petals":19,"minecraft:gold_ingot":64,"minecraft:bone":2},"minecraft:killed":{"minecraft:spider":2,"minecraft:phantom":1,"minecraft:skeleton":10,"minecraft:zombie":16,"minecraft:cow":3},"minecraft:custom":{"minecraft:interact_with_furnace":1,"spartanshields:shield_bash_hits":1,"minecraft:interact_with_anvil":1,"minecraft:mob_kills":32,"minecraft:interact_with_crafting_table":14,"minecraft:leave_game":3,"minecraft:time_since_death":141833,"minecraft:sleep_in_bed":5,"minecraft:time_since_rest":32434,"minecraft:damage_absorbed":81,"minecraft:damage_taken":2403,"minecraft:sprint_one_cm":343447,"minecraft:walk_one_cm":664118,"minecraft:damage_blocked_by_shield":691,"minecraft:drop":61,"minecraft:damage_dealt":5994,"minecraft:fly_one_cm":351582,"minecraft:open_chest":30,"minecraft:crouch_one_cm":32615,"minecraft:play_time":181533,"minecraft:sneak_time":10476,"minecraft:deaths":2,"minecraft:jump":1596,"minecraft:walk_on_water_one_cm":2896,"minecraft:total_world_time":181533,"minecraft:fall_one_cm":32573},"minecraft:killed_by":{"minecraft:player":1,"minecraft:creeper":1},"minecraft:crafted":{"minecraft:cherry_planks":116,"minecraft:crafting_table":2,"minecraft:bone_meal":6,"minecraft:diamond_shovel":2,"minecraft:stick":12,"minecraft:cherry_stairs":88,"justhammers:diamond_hammer":2,"minecraft:shears":1},"minecraft:broken":{"minecraft:diamond_shovel":1},"minecraft:mined":{"minecraft:podzol":9,"minecraft:white_bed":1,"minecraft:cherry_log":73,"minecraft:cherry_sapling":1,"minecraft:crafting_table":2,"minecraft:torch":25,"minecraft:emerald_ore":1,"minecraft:grass_block":666,"minecraft:chest":1,"quark:hollow_cherry_log":1,"minecraft:tall_grass":8,"minecraft:cobblestone":65,"minecraft:wall_torch":5,"minecraft:pink_petals":66,"minecraft:iron_ore":1,"minecraft:fire":3,"minecraft:grass":49,"minecraft:coal_ore":14,"minecraft:dirt_path":1,"minecraft:cherry_leaves":86,"minecraft:gravel":116,"minecraft:dirt":1112,"minecraft:stone":666,"minecraft:cherry_stairs":6,"minecraft:oak_leaves":2},"minecraft:picked_up":{"minecraft:crafting_table":1,"minecraft:pink_petals":114,"minecraft:cherry_planks":121,"minecraft:cherry_leaves":57,"minecraft:leather":6,"minecraft:flint":6,"minecraft:dirt":484,"minecraft:string":2,"minecraft:moss_carpet":2,"minecraft:bone":4,"minecraft:bow":2,"minecraft:wheat_seeds":5,"minecraft:white_tulip":1,"minecraft:iron_ingot":1,"minecraft:beef":8,"minecraft:bamboo":7,"minecraft:stick":2,"minecraft:cherry_stairs":6,"minecraft:torch":35,"minecraft:gravel":64,"minecraft:cherry_log":103,"minecraft:arrow":4,"minecraft:rotten_flesh":6,"minecraft:diamond":3,"quark:hollow_cherry_log":1,"minecraft:cherry_sapling":17,"minecraft:saddle":1,"minecraft:emerald":1,"supplementaries:ash":2,"minecraft:coal":32,"minecraft:cobblestone":1195},"minecraft:used":{"minecraft:cherry_sapling":12,"minecraft:water_bucket":1,"morebows:diamond_bow":1,"minecraft:chest":3,"minecraft:cherry_planks":9,"minecraft:horse_spawn_egg":7,"minecraft:diamond_axe":91,"minecraft:torch":63,"minecraft:golden_apple":2,"simplyswords:diamond_rapier":117,"minecraft:dirt":615,"minecraft:anvil":1,"justhammers:diamond_hammer":488,"minecraft:crafting_table":3,"minecraft:shears":74,"minecraft:spruce_log":3,"minecraft:diamond_pickaxe":746,"minecraft:diamond_shovel":1861,"minecraft:grass_block":1,"minecraft:bread":35,"spartanshields:diamond_tower_shield":7,"minecraft:cherry_leaves":32,"minecraft:bamboo":7,"minecraft:pink_petals":97,"minecraft:cobblestone":359,"minecraft:cherry_stairs":93,"minecraft:bucket":1,"minecraft:cherry_log":76,"minecraft:bone_meal":6}},"DataVersion":3465}