{"stats":{"minecraft:custom":{"minecraft:interact_with_smithing_table":1,"minecraft:mob_kills":57,"minecraft:interact_with_anvil":5,"minecraft:interact_with_crafting_table":57,"minecraft:leave_game":4,"minecraft:time_since_death":60548,"minecraft:climb_one_cm":378,"minecraft:sprint_one_cm":734589,"minecraft:walk_one_cm":1331402,"minecraft:damage_blocked_by_shield":2011,"minecraft:drop":111,"minecraft:play_time":339958,"minecraft:deaths":5,"minecraft:sneak_time":13229,"minecraft:walk_under_water_one_cm":1341,"minecraft:jump":2541,"minecraft:interact_with_blast_furnace":1,"minecraft:walk_on_water_one_cm":5509,"minecraft:total_world_time":339958,"minecraft:interact_with_furnace":211,"spartanshields:shield_bash_hits":2,"minecraft:interact_with_stonecutter":25,"minecraft:sleep_in_bed":9,"minecraft:time_since_rest":59326,"minecraft:waystone_activated":1,"minecraft:damage_taken":4047,"minecraft:damage_absorbed":81,"minecraft:damage_dealt":10444,"minecraft:swim_one_cm":1273,"minecraft:fly_one_cm":438911,"minecraft:open_chest":124,"minecraft:crouch_one_cm":39644,"minecraft:fall_one_cm":47504},"minecraft:killed_by":{"minecraft:player":4,"minecraft:creeper":1},"minecraft:picked_up":{"minecraft:crafting_table":7,"minecraft:wheat":5,"minecraft:anvil":5,"minecraft:smithing_table":2,"minecraft:stripped_cherry_log":12,"minecraft:string":5,"minecraft:moss_carpet":2,"minecraft:blackstone":8,"minecraft:beef":15,"minecraft:white_tulip":1,"minecraft:furnace":5,"minecraft:stick":2,"minecraft:raw_iron":6,"minecraft:cherry_stairs":6,"minecraft:torch":62,"minecraft:cherry_log":185,"minecraft:rotten_flesh":10,"minecraft:arrow":10,"quark:clear_shard":4,"quark:hollow_cherry_log":1,"minecraft:hay_block":4,"minecraft:saddle":1,"supplementaries:ash":2,"minecraft:cobblestone":1999,"minecraft:pink_petals":114,"minecraft:cooked_beef":7,"minecraft:cherry_planks":189,"minecraft:cherry_leaves":57,"minecraft:andesite":285,"minecraft:leather":13,"minecraft:flint":9,"minecraft:gunpowder":1,"minecraft:dirt":529,"minecraft:blue_bed":2,"minecraft:glass":35,"minecraft:bone":11,"minecraft:stone_bricks":1,"minecraft:bow":2,"minecraft:stonecutter":3,"minecraft:wheat_seeds":18,"minecraft:iron_ingot":1,"minecraft:bamboo":7,"minecraft:gravel":96,"justhammers:diamond_hammer":1,"cataclysm:stone_tiles":92,"quark:cobblestone_bricks":65,"minecraft:diamond":3,"waystones:waystone":1,"minecraft:cherry_sapling":17,"minecraft:bread":18,"minecraft:emerald":2,"minecraft:coal":82,"minecraft:diamond_pickaxe":1},"minecraft:used":{"minecraft:cherry_sapling":12,"morebows:diamond_bow":13,"minecraft:chest":3,"minecraft:stone":3,"minecraft:torch":134,"quark:cherry_chest":12,"minecraft:dirt":615,"minecraft:anvil":6,"simplyswords:diamond_rapier":207,"cataclysm:stone_tiles":736,"minecraft:glass":1,"minecraft:grass_block":1,"minecraft:cherry_leaves":32,"minecraft:stone_bricks":1,"minecraft:bamboo":7,"minecraft:furnace":11,"minecraft:cherry_log":212,"minecraft:water_bucket":3,"quark:cobblestone_bricks":49,"minecraft:cherry_planks":51,"minecraft:horse_spawn_egg":7,"minecraft:stonecutter":4,"minecraft:blue_bed":2,"minecraft:diamond_axe":212,"minecraft:golden_apple":2,"justhammers:diamond_hammer":742,"minecraft:crafting_table":10,"minecraft:blast_furnace":3,"minecraft:shears":74,"minecraft:spruce_log":3,"minecraft:smoker":3,"waystones:waystone":1,"minecraft:diamond_pickaxe":1110,"minecraft:diamond_shovel":1983,"minecraft:bread":62,"spartanshields:diamond_tower_shield":21,"minecraft:pink_petals":97,"minecraft:cobblestone":814,"minecraft:cherry_stairs":103,"minecraft:smithing_table":3,"minecraft:bucket":3,"minecraft:glass_pane":81,"minecraft:bone_meal":6},"minecraft:killed":{"minecraft:spider":3,"minecraft:phantom":1,"minecraft:skeleton":17,"minecraft:zombie_villager":1,"minecraft:creeper":1,"minecraft:pillager":3,"minecraft:zombie":21,"naturalist:sparrow":1,"minecraft:cow":7},"minecraft:broken":{"minecraft:diamond_shovel":1},"minecraft:crafted":{"hangglider:glider_framework":1,"minecraft:cherry_planks":132,"minecraft:smooth_stone":9,"toolbelt:belt":1,"hangglider:hang_glider":1,"minecraft:furnace":12,"minecraft:blast_furnace":3,"minecraft:stone":678,"minecraft:bone_meal":6,"minecraft:diamond_shovel":2,"hangglider:glider_wing":2,"quark:cherry_chest":12,"packedup:ironbackpack":1,"cataclysm:stone_tiles":2,"minecraft:glass_pane":160,"minecraft:glass":138,"quark:cobblestone_bricks":1,"minecraft:cherry_stairs":104,"justhammers:diamond_hammer":4,"minecraft:stone_bricks":193,"minecraft:wheat":36,"minecraft:smoker":3,"packedup:diamondbackpack":1,"minecraft:crafting_table":5,"minecraft:smithing_table":1,"minecraft:bread":13,"minecraft:air":0,"minecraft:stick":28,"minecraft:iron_ingot":15,"minecraft:iron_block":3,"minecraft:stonecutter":1,"minecraft:anvil":1,"packedup:goldbackpack":1,"minecraft:shears":1},"minecraft:mined":{"minecraft:white_bed":1,"minecraft:cherry_log":154,"minecraft:cherry_sapling":1,"minecraft:stripped_cherry_log":12,"cataclysm:stone_tiles":47,"minecraft:grass_block":667,"minecraft:hay_block":4,"minecraft:furnace":5,"minecraft:iron_ore":1,"minecraft:fire":3,"minecraft:andesite":58,"minecraft:anvil":5,"minecraft:dirt_path":1,"minecraft:stone":794,"minecraft:cherry_stairs":6,"minecraft:podzol":9,"minecraft:smithing_table":2,"minecraft:glass_pane":2,"minecraft:cherry_planks":1,"minecraft:crafting_table":7,"minecraft:torch":31,"quark:cobblestone_bricks":23,"minecraft:emerald_ore":1,"minecraft:chest":1,"minecraft:cobblestone":125,"quark:hollow_cherry_log":1,"minecraft:glass":1,"minecraft:tall_grass":8,"minecraft:blue_bed":2,"minecraft:wall_torch":19,"minecraft:pink_petals":67,"minecraft:wheat":5,"minecraft:grass":49,"minecraft:coal_ore":40,"minecraft:cherry_leaves":90,"minecraft:gravel":144,"minecraft:dirt":1224,"minecraft:stonecutter":3,"minecraft:stone_bricks":1,"minecraft:oak_leaves":2},"minecraft:dropped":{"minecraft:water_bucket":1,"minecraft:iron_ingot":1,"minecraft:bread":9,"justhammers:diamond_hammer":4,"minecraft:wheat_seeds":17,"minecraft:cooked_beef":4,"minecraft:crafting_table":1,"minecraft:cobblestone":640,"minecraft:leather":1,"minecraft:iron_horse_armor":1,"minecraft:saddle":2,"minecraft:coal":16,"minecraft:golden_apple":34,"minecraft:stick":6,"minecraft:flint":6,"minecraft:dirt":25,"minecraft:torch":65,"quark:cobblestone_bricks":16,"minecraft:cherry_leaves":25,"minecraft:string":2,"minecraft:pink_petals":19,"minecraft:white_wool":4,"minecraft:gold_ingot":71,"minecraft:bone":2,"minecraft:gravel":64,"minecraft:white_tulip":1,"minecraft:anvil":1,"minecraft:moss_carpet":2,"hangglider:hang_glider":1,"minecraft:cherry_stairs":4,"minecraft:cherry_sapling":5,"minecraft:raw_iron":4,"minecraft:rotten_flesh":8,"quark:hollow_cherry_log":1,"minecraft:name_tag":1,"minecraft:glass_pane":64,"supplementaries:ash":2,"minecraft:gunpowder":1,"minecraft:andesite":10,"minecraft:stone_brick_wall":10,"minecraft:spruce_log":1,"minecraft:arrow":3,"minecraft:bow":2,"minecraft:horse_spawn_egg":1,"minecraft:beef":8}},"DataVersion":3465}