{"stats":{"minecraft:used":{"minecraft:water_bucket":1,"minecraft:torch":9,"simplyswords:diamond_rapier":1,"minecraft:grass_block":1,"minecraft:bucket":1,"minecraft:chest":3,"minecraft:spruce_log":3},"minecraft:custom":{"minecraft:time_since_rest":16603,"minecraft:open_chest":29,"minecraft:sprint_one_cm":5904,"minecraft:play_time":16603,"minecraft:damage_taken":10,"minecraft:walk_one_cm":20474,"minecraft:drop":5,"minecraft:jump":21,"minecraft:damage_dealt":24,"minecraft:leave_game":1,"minecraft:walk_on_water_one_cm":239,"minecraft:time_since_death":16603,"minecraft:total_world_time":16603,"minecraft:fall_one_cm":335,"minecraft:fly_one_cm":1925},"minecraft:picked_up":{"minecraft:torch":1},"minecraft:dropped":{"minecraft:water_bucket":1,"minecraft:spruce_log":1,"minecraft:torch":65,"minecraft:gold_ingot":64}},"DataVersion":3465}