{"stats":{"minecraft:killed_by":{"minecraft:player":4,"minecraft:creeper":1},"minecraft:mined":{"minecraft:white_bed":1,"quark:cherry_chest":1,"minecraft:cherry_log":209,"minecraft:cherry_sapling":1,"minecraft:stripped_cherry_log":14,"cataclysm:stone_tiles":87,"minecraft:grass_block":678,"minecraft:hay_block":4,"minecraft:furnace":5,"minecraft:iron_ore":1,"minecraft:fire":3,"minecraft:andesite":62,"minecraft:anvil":5,"minecraft:dirt_path":1,"minecraft:bamboo":1,"minecraft:stone":961,"minecraft:cherry_stairs":21,"minecraft:podzol":9,"minecraft:smithing_table":2,"minecraft:glass_pane":4,"minecraft:cherry_planks":5,"minecraft:crafting_table":7,"minecraft:torch":35,"quark:cobblestone_bricks":23,"minecraft:emerald_ore":1,"minecraft:chest":1,"quark:hollow_cherry_log":1,"minecraft:glass":1,"minecraft:tall_grass":10,"minecraft:cobblestone":141,"minecraft:blue_bed":2,"minecraft:wall_torch":19,"minecraft:pink_petals":67,"minecraft:wheat":5,"minecraft:grass":49,"minecraft:coal_ore":47,"minecraft:ochre_froglight":9,"minecraft:cherry_leaves":96,"minecraft:gravel":146,"minecraft:dirt":1264,"minecraft:stonecutter":3,"minecraft:stone_bricks":1,"minecraft:oak_leaves":2},"minecraft:custom":{"minecraft:interact_with_smithing_table":1,"minecraft:interact_with_anvil":7,"minecraft:mob_kills":65,"minecraft:animals_bred":2,"minecraft:interact_with_crafting_table":74,"minecraft:open_barrel":11,"minecraft:leave_game":8,"minecraft:time_since_death":179888,"minecraft:climb_one_cm":676,"minecraft:sprint_one_cm":941188,"minecraft:walk_one_cm":1733734,"minecraft:damage_blocked_by_shield":2011,"minecraft:drop":116,"minecraft:play_time":459298,"minecraft:sneak_time":14515,"minecraft:deaths":5,"minecraft:walk_under_water_one_cm":3514,"minecraft:jump":3086,"minecraft:interact_with_blast_furnace":4,"minecraft:walk_on_water_one_cm":23502,"minecraft:total_world_time":459298,"minecraft:interact_with_furnace":245,"spartanshields:shield_bash_hits":2,"minecraft:interact_with_stonecutter":32,"minecraft:sleep_in_bed":10,"minecraft:time_since_rest":887,"minecraft:waystone_activated":1,"minecraft:damage_taken":4378,"minecraft:damage_absorbed":81,"minecraft:damage_dealt":12196,"minecraft:swim_one_cm":6842,"minecraft:fly_one_cm":521465,"minecraft:open_chest":211,"minecraft:crouch_one_cm":44448,"minecraft:fall_one_cm":55631},"minecraft:dropped":{"minecraft:water_bucket":1,"minecraft:iron_ingot":1,"minecraft:bread":9,"justhammers:diamond_hammer":4,"minecraft:wheat_seeds":17,"minecraft:cooked_beef":4,"minecraft:crafting_table":1,"minecraft:cobblestone":704,"minecraft:leather":1,"minecraft:iron_horse_armor":1,"minecraft:saddle":2,"minecraft:coal":16,"minecraft:golden_apple":34,"minecraft:stick":6,"minecraft:flint":6,"minecraft:dirt":25,"minecraft:torch":68,"quark:cobblestone_bricks":16,"minecraft:cherry_leaves":25,"minecraft:string":2,"minecraft:pink_petals":22,"minecraft:white_wool":4,"minecraft:gold_ingot":71,"minecraft:bone":2,"minecraft:gravel":64,"minecraft:white_tulip":1,"minecraft:anvil":1,"minecraft:moss_carpet":2,"hangglider:hang_glider":1,"minecraft:cherry_stairs":4,"minecraft:cherry_sapling":5,"minecraft:raw_iron":4,"minecraft:rotten_flesh":8,"quark:hollow_cherry_log":1,"minecraft:name_tag":1,"cataclysm:stone_tiles":1,"minecraft:glass_pane":64,"supplementaries:ash":2,"minecraft:gunpowder":1,"minecraft:andesite":10,"minecraft:stone_brick_wall":10,"minecraft:bamboo":7,"minecraft:spruce_log":1,"minecraft:arrow":3,"minecraft:bow":2,"minecraft:horse_spawn_egg":1,"minecraft:beef":8},"minecraft:broken":{"minecraft:diamond_shovel":1},"minecraft:crafted":{"hangglider:glider_framework":1,"minecraft:cherry_planks":504,"minecraft:smooth_stone":9,"toolbelt:belt":1,"hangglider:hang_glider":1,"minecraft:furnace":12,"minecraft:blast_furnace":3,"minecraft:stone":1098,"minecraft:bone_meal":6,"minecraft:diamond_shovel":2,"hangglider:glider_wing":2,"quark:cherry_chest":14,"packedup:ironbackpack":1,"cataclysm:stone_tiles":2,"minecraft:glass_pane":288,"minecraft:glass":138,"quark:cobblestone_bricks":1,"minecraft:cherry_stairs":136,"justhammers:diamond_hammer":4,"minecraft:stone_bricks":193,"minecraft:cherry_fence":30,"minecraft:smoker":3,"minecraft:cherry_fence_gate":2,"minecraft:wheat":36,"minecraft:crafting_table":5,"packedup:diamondbackpack":1,"minecraft:smithing_table":1,"minecraft:bread":13,"minecraft:air":0,"minecraft:stick":92,"minecraft:iron_ingot":15,"minecraft:iron_block":3,"minecraft:stonecutter":1,"minecraft:anvil":1,"packedup:goldbackpack":1,"minecraft:torch":56,"minecraft:shears":1},"minecraft:used":{"minecraft:cherry_sapling":13,"morebows:diamond_bow":13,"minecraft:chest":3,"minecraft:stone":3,"minecraft:torch":163,"quark:cherry_chest":14,"minecraft:dirt":716,"minecraft:anvil":6,"simplyswords:diamond_rapier":243,"cataclysm:stone_tiles":1252,"minecraft:glass":1,"minecraft:grass_block":1,"minecraft:cherry_leaves":32,"minecraft:cherry_fence_gate":2,"minecraft:stone_bricks":1,"minecraft:bamboo":7,"minecraft:furnace":11,"minecraft:cherry_fence":18,"minecraft:cherry_log":233,"minecraft:water_bucket":24,"quark:cobblestone_bricks":49,"minecraft:cherry_planks":230,"minecraft:horse_spawn_egg":7,"minecraft:stonecutter":4,"minecraft:blue_bed":2,"minecraft:diamond_axe":308,"minecraft:golden_apple":2,"justhammers:diamond_hammer":1029,"minecraft:crafting_table":10,"minecraft:blast_furnace":3,"minecraft:ochre_froglight":5,"minecraft:spruce_log":3,"minecraft:shears":74,"minecraft:smoker":3,"waystones:waystone":1,"minecraft:diamond_pickaxe":1346,"minecraft:diamond_shovel":2025,"minecraft:bread":74,"spartanshields:diamond_tower_shield":21,"minecraft:pink_petals":97,"minecraft:cobblestone":828,"minecraft:cherry_stairs":148,"minecraft:smithing_table":3,"minecraft:bucket":24,"minecraft:glass_pane":148,"minecraft:bone_meal":6},"minecraft:picked_up":{"minecraft:crafting_table":7,"minecraft:wheat":5,"minecraft:anvil":5,"minecraft:smithing_table":2,"minecraft:stripped_cherry_log":14,"minecraft:string":7,"minecraft:moss_carpet":2,"minecraft:blackstone":8,"minecraft:beef":15,"minecraft:white_tulip":1,"minecraft:furnace":5,"minecraft:stick":2,"minecraft:raw_iron":27,"minecraft:cherry_stairs":21,"minecraft:torch":88,"quark:cherry_chest":1,"minecraft:cherry_log":240,"minecraft:arrow":11,"minecraft:rotten_flesh":10,"quark:clear_shard":4,"quark:hollow_cherry_log":1,"minecraft:hay_block":4,"minecraft:saddle":1,"supplementaries:ash":2,"minecraft:cobblestone":3299,"minecraft:pink_petals":117,"minecraft:cooked_beef":7,"minecraft:cherry_planks":193,"minecraft:cherry_leaves":57,"minecraft:andesite":443,"minecraft:leather":13,"minecraft:ochre_froglight":6,"minecraft:flint":9,"minecraft:gunpowder":1,"minecraft:dirt":560,"minecraft:blue_bed":2,"minecraft:glass":35,"minecraft:bone":11,"minecraft:stone_bricks":1,"minecraft:bow":2,"minecraft:stonecutter":3,"minecraft:wheat_seeds":18,"minecraft:iron_ingot":1,"minecraft:bamboo":14,"minecraft:gravel":97,"justhammers:diamond_hammer":1,"cataclysm:stone_tiles":145,"quark:cobblestone_bricks":65,"minecraft:diamond":3,"waystones:waystone":1,"minecraft:cherry_sapling":18,"minecraft:bread":18,"minecraft:emerald":2,"minecraft:coal":129,"minecraft:diamond_pickaxe":1},"minecraft:killed":{"minecraft:spider":4,"minecraft:phantom":5,"minecraft:skeleton":18,"minecraft:zombie_villager":1,"minecraft:creeper":1,"minecraft:pillager":3,"minecraft:zombie":23,"naturalist:sparrow":1,"minecraft:cow":7}},"DataVersion":3465}