{"stats":{"minecraft:killed":{"minecraft:spider":1,"minecraft:skeleton":4,"minecraft:zombie":8,"minecraft:cow":3},"minecraft:killed_by":{"minecraft:player":1,"minecraft:creeper":1},"minecraft:custom":{"minecraft:interact_with_anvil":1,"minecraft:mob_kills":16,"minecraft:interact_with_crafting_table":6,"minecraft:leave_game":2,"minecraft:time_since_death":57292,"minecraft:time_since_rest":57326,"minecraft:damage_absorbed":41,"minecraft:sprint_one_cm":194724,"minecraft:damage_taken":1593,"minecraft:walk_one_cm":297320,"minecraft:damage_blocked_by_shield":240,"minecraft:drop":25,"minecraft:damage_dealt":2998,"minecraft:fly_one_cm":281913,"minecraft:open_chest":30,"minecraft:crouch_one_cm":12565,"minecraft:play_time":96992,"minecraft:deaths":2,"minecraft:sneak_time":4206,"minecraft:jump":783,"minecraft:walk_on_water_one_cm":2896,"minecraft:total_world_time":96992,"minecraft:fall_one_cm":19062},"minecraft:used":{"minecraft:water_bucket":1,"morebows:diamond_bow":1,"minecraft:chest":3,"minecraft:diamond_axe":37,"minecraft:horse_spawn_egg":7,"minecraft:torch":44,"minecraft:golden_apple":1,"justhammers:diamond_hammer":233,"minecraft:anvil":1,"simplyswords:diamond_rapier":58,"minecraft:crafting_table":2,"minecraft:spruce_log":3,"minecraft:diamond_pickaxe":677,"minecraft:diamond_shovel":295,"minecraft:grass_block":1,"minecraft:bread":21,"spartanshields:diamond_tower_shield":1,"minecraft:cobblestone":270,"minecraft:bucket":1},"minecraft:picked_up":{"minecraft:pink_petals":32,"minecraft:leather":6,"minecraft:flint":5,"minecraft:string":2,"minecraft:dirt":197,"minecraft:moss_carpet":2,"minecraft:bone":1,"minecraft:bow":2,"minecraft:wheat_seeds":3,"minecraft:iron_ingot":1,"minecraft:beef":4,"minecraft:white_tulip":1,"minecraft:torch":26,"minecraft:gravel":64,"minecraft:cherry_log":29,"minecraft:arrow":3,"minecraft:rotten_flesh":6,"minecraft:diamond":3,"quark:hollow_cherry_log":1,"minecraft:cherry_sapling":9,"minecraft:saddle":1,"minecraft:emerald":1,"supplementaries:ash":2,"minecraft:coal":12,"minecraft:cobblestone":659},"minecraft:mined":{"minecraft:podzol":9,"minecraft:cherry_log":33,"minecraft:torch":21,"minecraft:emerald_ore":1,"minecraft:grass_block":69,"minecraft:chest":1,"quark:hollow_cherry_log":1,"minecraft:cobblestone":37,"minecraft:wall_torch":2,"minecraft:pink_petals":1,"minecraft:grass":3,"minecraft:coal_ore":14,"minecraft:cherry_leaves":2,"minecraft:gravel":73,"minecraft:dirt":190,"minecraft:stone":614,"minecraft:oak_leaves":2},"minecraft:crafted":{"minecraft:cherry_planks":116,"minecraft:crafting_table":2,"minecraft:diamond_shovel":1,"minecraft:stick":8,"justhammers:diamond_hammer":2},"minecraft:dropped":{"minecraft:water_bucket":1,"justhammers:diamond_hammer":1,"minecraft:white_tulip":1,"minecraft:moss_carpet":2,"minecraft:wheat_seeds":3,"minecraft:rotten_flesh":6,"quark:hollow_cherry_log":1,"minecraft:name_tag":1,"minecraft:iron_horse_armor":1,"minecraft:saddle":2,"minecraft:golden_apple":32,"minecraft:dirt":17,"supplementaries:ash":2,"minecraft:torch":65,"minecraft:spruce_log":1,"minecraft:arrow":2,"minecraft:bow":1,"minecraft:horse_spawn_egg":1,"minecraft:string":2,"minecraft:gold_ingot":64}},"DataVersion":3465}