{
  "mowziesmobs:root": {
    "criteria": {
      "custom_test_name": "2024-06-23 04:09:31 +0000"
    },
    "done": true
  },
  "betterdungeons:root": {
    "criteria": {
      "always": "2024-06-23 04:09:31 +0000"
    },
    "done": true
  },
  "dungeons_arise:wda_root": {
    "criteria": {
      "WDA": "2024-06-23 04:09:31 +0000"
    },
    "done": true
  },
  "realmrpg_quests:root": {
    "criteria": {
      "root_0": "2024-06-23 04:09:31 +0000"
    },
    "done": true
  },
  "cataclysm:root": {
    "criteria": {
      "custom_test_name": "2024-06-23 04:09:31 +0000"
    },
    "done": true
  },
  "1_splatus:ultris/root": {
    "criteria": {
      "c1": "2024-06-23 04:09:31 +0000"
    },
    "done": true
  },
  "incendium:technical/new_player": {
    "criteria": {
      "requirement": "2024-06-23 04:09:31 +0000"
    },
    "done": true
  },
  "repurposed_structures:root": {
    "criteria": {
      "always": "2024-06-23 04:09:31 +0000"
    },
    "done": true
  },
  "incendium:technical/using/trailblazer": {
    "criteria": {
      "log_spam_fixer": "2024-06-23 04:09:32 +0000"
    },
    "done": false
  },
  "incendium:technical/scroll_of_returning": {
    "criteria": {
      "log_spam_fixer": "2024-06-23 04:09:32 +0000"
    },
    "done": false
  },
  "minecraft:adventure/adventuring_time": {
    "criteria": {
      "minecraft:taiga": "2024-06-23 04:09:32 +0000",
      "minecraft:cherry_grove": "2024-06-23 04:20:48 +0000",
      "minecraft:beach": "2024-06-23 04:18:54 +0000",
      "minecraft:river": "2024-06-23 04:22:41 +0000",
      "minecraft:stony_shore": "2024-06-23 04:17:03 +0000",
      "minecraft:forest": "2024-06-23 04:10:57 +0000",
      "minecraft:meadow": "2024-06-23 04:24:39 +0000",
      "minecraft:plains": "2024-06-23 04:12:38 +0000"
    },
    "done": false
  },
  "incendium:technical/using/ragnarok": {
    "criteria": {
      "log_spam_fixer": "2024-06-23 04:09:32 +0000"
    },
    "done": false
  },
  "incendium:technical/using/shield": {
    "criteria": {
      "log_spam_fixer": "2024-06-23 04:09:32 +0000"
    },
    "done": false
  },
  "minecraft:story/shiny_gear": {
    "criteria": {
      "diamond_boots": "2024-06-23 04:10:11 +0000"
    },
    "done": true
  },
  "packedup:basic_backpack": {
    "criteria": {
      "has_backpack": "2024-06-23 04:10:11 +0000"
    },
    "done": true
  },
  "minecraft:story/mine_diamond": {
    "criteria": {
      "diamond": "2024-06-23 04:10:11 +0000"
    },
    "done": true
  },
  "minecraft:story/smelt_iron": {
    "criteria": {
      "iron": "2024-06-23 04:10:11 +0000"
    },
    "done": true
  },
  "minecraft:adventure/root": {
    "criteria": {
      "killed_something": "2024-06-23 04:10:49 +0000"
    },
    "done": true
  },
  "biomesoplenty:biomesoplenty/all_biomes": {
    "criteria": {
      "woodland": "2024-06-23 04:22:55 +0000",
      "shrubland": "2024-06-23 04:21:07 +0000",
      "rocky_shrubland": "2024-06-23 04:21:06 +0000",
      "scrubland": "2024-06-23 04:21:23 +0000",
      "mystic_grove": "2024-07-13 03:57:04 +0000",
      "old_growth_woodland": "2024-06-23 04:22:11 +0000",
      "maple_woods": "2024-06-23 04:15:13 +0000",
      "spider_nest": "2024-07-13 03:49:32 +0000",
      "pumpkin_patch": "2024-06-23 04:16:43 +0000",
      "rainforest": "2024-07-13 03:46:18 +0000",
      "crag": "2024-06-23 04:13:15 +0000"
    },
    "done": false
  },
  "biomesoplenty:biomesoplenty/root": {
    "criteria": {
      "crag": "2024-06-23 04:13:15 +0000"
    },
    "done": true
  },
  "minecraft:husbandry/balanced_diet": {
    "criteria": {
      "cooked_mutton": "2024-07-13 04:31:41 +0000",
      "golden_apple": "2024-06-23 04:13:35 +0000",
      "bread": "2024-06-23 06:58:53 +0000",
      "melon_slice": "2024-07-13 04:32:18 +0000",
      "cooked_chicken": "2024-06-23 06:11:07 +0000"
    },
    "done": false
  },
  "minecraft:husbandry/root": {
    "criteria": {
      "consumed_item": "2024-06-23 04:13:35 +0000"
    },
    "done": true
  },
  "minecraft:story/mine_stone": {
    "criteria": {
      "get_stone": "2024-06-23 04:15:10 +0000"
    },
    "done": true
  },
  "minecraft:husbandry/tame_an_animal": {
    "criteria": {
      "tamed_animal": "2024-06-23 04:18:31 +0000"
    },
    "done": true
  },
  "minecraft:adventure/kill_all_mobs": {
    "criteria": {
      "minecraft:skeleton": "2024-06-23 04:20:02 +0000",
      "minecraft:spider": "2024-06-23 04:37:45 +0000",
      "minecraft:creeper": "2024-06-24 05:37:34 +0000",
      "minecraft:phantom": "2024-07-13 04:18:00 +0000",
      "minecraft:husk": "2024-07-13 03:57:23 +0000",
      "minecraft:zombie": "2024-06-23 04:36:23 +0000"
    },
    "done": false
  },
  "minecraft:adventure/kill_a_mob": {
    "criteria": {
      "minecraft:skeleton": "2024-06-23 04:20:02 +0000"
    },
    "done": true
  },
  "nova_structures:adventure/find_all_illager_structures": {
    "criteria": {
      "illager_camp": "2024-06-23 04:21:37 +0000"
    },
    "done": false
  },
  "minecraft:story/root": {
    "criteria": {
      "crafting_table": "2024-06-23 05:14:34 +0000"
    },
    "done": true
  },
  "minecraft:adventure/sleep_in_bed": {
    "criteria": {
      "slept_in_bed": "2024-06-23 05:43:51 +0000"
    },
    "done": true
  },
  "1_splatus:ultris/illusioner": {
    "criteria": {
      "c1": "2024-06-23 06:33:19 +0000"
    },
    "done": true
  },
  "dungeons_arise:find_abandoned_temple": {
    "criteria": {
      "location0": "2024-06-23 07:14:22 +0000"
    },
    "done": true
  },
  "1_splatus:ultris/completed": {
    "criteria": {
      "corrupted_enderman": "2024-06-23 07:34:43 +0000"
    },
    "done": false
  },
  "1_splatus:ultris/enderkill": {
    "criteria": {
      "c1": "2024-06-23 07:34:43 +0000"
    },
    "done": true
  },
  "1_splatus:ultris/ender": {
    "criteria": {
      "c1": "2024-06-24 04:39:27 +0000"
    },
    "done": true
  },
  "immersive_melodies:misc/instruments": {
    "criteria": {
      "has_item": "2024-06-24 04:54:59 +0000"
    },
    "done": true
  },
  "packedup:iron_or_copper_backpack": {
    "criteria": {
      "has_copper_backpack": "2024-06-24 04:56:19 +0000"
    },
    "done": true
  },
  "packedup:silver_or_gold_backpack": {
    "criteria": {
      "has_gold_backpack": "2024-06-24 04:57:58 +0000"
    },
    "done": true
  },
  "packedup:diamond_backpack": {
    "criteria": {
      "has_backpack": "2024-06-24 04:58:16 +0000"
    },
    "done": true
  },
  "minecraft:story/form_obsidian": {
    "criteria": {
      "obsidian": "2024-06-24 05:12:33 +0000"
    },
    "done": true
  },
  "packedup:obsidian_backpack": {
    "criteria": {
      "has_backpack": "2024-06-24 05:17:56 +0000"
    },
    "done": true
  },
  "quark:get_diamond_heart": {
    "criteria": {
      "get_diamond_heart": "2024-06-24 05:21:32 +0000"
    },
    "done": true
  },
  "DataVersion": 3465
}