{
  "mowziesmobs:root": {
    "criteria": {
      "custom_test_name": "2024-06-23 03:51:23 +0000"
    },
    "done": true
  },
  "betterdungeons:root": {
    "criteria": {
      "always": "2024-06-23 03:51:23 +0000"
    },
    "done": true
  },
  "dungeons_arise:wda_root": {
    "criteria": {
      "WDA": "2024-06-23 03:51:23 +0000"
    },
    "done": true
  },
  "realmrpg_quests:root": {
    "criteria": {
      "root_0": "2024-06-23 03:51:23 +0000"
    },
    "done": true
  },
  "cataclysm:root": {
    "criteria": {
      "custom_test_name": "2024-06-23 03:51:23 +0000"
    },
    "done": true
  },
  "1_splatus:ultris/root": {
    "criteria": {
      "c1": "2024-06-23 03:51:23 +0000"
    },
    "done": true
  },
  "incendium:technical/new_player": {
    "criteria": {
      "requirement": "2024-06-23 03:51:23 +0000"
    },
    "done": true
  },
  "repurposed_structures:root": {
    "criteria": {
      "always": "2024-06-23 03:51:23 +0000"
    },
    "done": true
  },
  "incendium:technical/using/trailblazer": {
    "criteria": {
      "log_spam_fixer": "2024-06-23 03:51:24 +0000"
    },
    "done": false
  },
  "incendium:technical/scroll_of_returning": {
    "criteria": {
      "log_spam_fixer": "2024-06-23 03:51:24 +0000"
    },
    "done": false
  },
  "minecraft:adventure/adventuring_time": {
    "criteria": {
      "minecraft:taiga": "2024-06-23 03:51:24 +0000",
      "minecraft:cherry_grove": "2024-06-23 04:23:00 +0000",
      "minecraft:beach": "2024-06-23 04:18:23 +0000",
      "minecraft:stony_shore": "2024-06-23 04:14:27 +0000",
      "minecraft:cold_ocean": "2024-06-23 04:19:03 +0000",
      "minecraft:forest": "2024-06-23 04:08:34 +0000",
      "minecraft:frozen_ocean": "2024-06-23 04:22:26 +0000",
      "minecraft:deep_frozen_ocean": "2024-06-23 04:22:58 +0000",
      "minecraft:meadow": "2024-06-23 04:12:20 +0000",
      "minecraft:plains": "2024-06-23 04:57:32 +0000"
    },
    "done": false
  },
  "incendium:technical/using/ragnarok": {
    "criteria": {
      "log_spam_fixer": "2024-06-23 03:51:24 +0000"
    },
    "done": false
  },
  "incendium:technical/using/shield": {
    "criteria": {
      "log_spam_fixer": "2024-06-23 03:51:24 +0000"
    },
    "done": false
  },
  "minecraft:story/shiny_gear": {
    "criteria": {
      "diamond_helmet": "2024-06-23 03:52:02 +0000"
    },
    "done": true
  },
  "packedup:silver_or_gold_backpack": {
    "criteria": {
      "has_gold_backpack": "2024-06-23 03:52:02 +0000"
    },
    "done": true
  },
  "minecraft:story/mine_diamond": {
    "criteria": {
      "diamond": "2024-06-23 03:52:02 +0000"
    },
    "done": true
  },
  "minecraft:story/smelt_iron": {
    "criteria": {
      "iron": "2024-06-23 03:52:02 +0000"
    },
    "done": true
  },
  "minecraft:husbandry/balanced_diet": {
    "criteria": {
      "cooked_beef": "2024-06-23 05:54:13 +0000",
      "bread": "2024-06-23 04:02:09 +0000",
      "golden_apple": "2024-06-23 04:19:11 +0000"
    },
    "done": false
  },
  "minecraft:husbandry/root": {
    "criteria": {
      "consumed_item": "2024-06-23 04:02:09 +0000"
    },
    "done": true
  },
  "minecraft:adventure/root": {
    "criteria": {
      "killed_something": "2024-06-23 04:03:22 +0000"
    },
    "done": true
  },
  "minecraft:adventure/kill_all_mobs": {
    "criteria": {
      "minecraft:skeleton": "2024-06-23 04:03:23 +0000",
      "minecraft:spider": "2024-06-23 04:45:40 +0000",
      "minecraft:creeper": "2024-06-23 05:07:10 +0000",
      "minecraft:zombie": "2024-06-23 05:06:51 +0000",
      "minecraft:drowned": "2024-06-23 05:04:17 +0000"
    },
    "done": false
  },
  "minecraft:adventure/kill_a_mob": {
    "criteria": {
      "minecraft:skeleton": "2024-06-23 04:03:23 +0000"
    },
    "done": true
  },
  "biomesoplenty:biomesoplenty/all_biomes": {
    "criteria": {
      "rocky_shrubland": "2024-06-23 04:29:43 +0000",
      "maple_woods": "2024-06-23 04:13:58 +0000",
      "pumpkin_patch": "2024-06-23 04:14:18 +0000",
      "crag": "2024-06-23 04:13:16 +0000"
    },
    "done": false
  },
  "biomesoplenty:biomesoplenty/root": {
    "criteria": {
      "crag": "2024-06-23 04:13:16 +0000"
    },
    "done": true
  },
  "minecraft:story/mine_stone": {
    "criteria": {
      "get_stone": "2024-06-23 04:13:20 +0000"
    },
    "done": true
  },
  "mowziesmobs:kill_naga": {
    "criteria": {
      "naga": "2024-06-23 04:15:44 +0000"
    },
    "done": true
  },
  "dungeons_arise:find_undead_pirate_ship": {
    "criteria": {
      "location0": "2024-06-23 04:19:05 +0000"
    },
    "done": true
  },
  "simplyswords:simplyswords": {
    "criteria": {
      "requirement": "2024-06-23 04:20:07 +0000"
    },
    "done": true
  },
  "minecraft:story/root": {
    "criteria": {
      "crafting_table": "2024-06-23 04:24:14 +0000"
    },
    "done": true
  },
  "minecraft:adventure/shoot_arrow": {
    "criteria": {
      "shot_arrow": "2024-06-23 04:35:26 +0000"
    },
    "done": true
  },
  "dungeons_arise:find_abandoned_temple": {
    "criteria": {
      "location0": "2024-06-23 05:19:29 +0000"
    },
    "done": true
  },
  "minecraft:story/deflect_arrow": {
    "criteria": {
      "deflected_projectile": "2024-06-23 05:20:27 +0000"
    },
    "done": true
  },
  "realmrpg_quests:refuse_quest": {
    "criteria": {
      "refuse_quest_0": "2024-06-23 05:22:06 +0000"
    },
    "done": true
  },
  "minecraft:adventure/sleep_in_bed": {
    "criteria": {
      "slept_in_bed": "2024-06-23 05:43:47 +0000"
    },
    "done": true
  },
  "DataVersion": 3465
}